[{"col":1,"row":1,"width":12,"height":18,"children":[{"id":"ehr_flow_composition","rows":[{"cols":[{"width":"100%","children":[{"id":"ehr_flow_composition/infeksjonsovervårking","rows":[{"cols":[{"width":"100%","children":[{"id":"ehr_flow_composition/infeksjonsovervårking/plankontekst","rows":[{"cols":[{"width":"100%","children":[{"id":"ehr_flow_composition/infeksjonsovervårking/plankontekst/bolsk_kontekst_uttrykk","rows":[{"cols":[{"width":"100%","children":[{"id":"ehr_flow_composition/infeksjonsovervårking/plankontekst/bolsk_kontekst_uttrykk/expression","rows":[]}]}]}]}]}]}]}]}]}]},{"id":"ehr_flow_composition/nois","rows":[{"cols":[{"width":"100%","children":[{"id":"ehr_flow_composition/nois/oppgavegruppe","rows":[{"cols":[{"width":"100%","children":[{"id":"ehr_flow_composition/nois/oppgavegruppe/post-operativ_vurdering","rows":[{"cols":[{"width":"100%","children":[{"id":"ehr_flow_composition/nois/oppgavegruppe/post-operativ_vurdering/datasett","rows":[{"cols":[{"width":"100%","children":[{"id":"ehr_flow_composition/nois/oppgavegruppe/post-operativ_vurdering/datasett/form_id","rows":[]}]}]}]}]}]}]},{"id":"ehr_flow_composition/nois/oppgavegruppe/vurdering_ved_utskrivelse","rows":[{"cols":[{"width":"100%","children":[{"id":"ehr_flow_composition/nois/oppgavegruppe/vurdering_ved_utskrivelse/definert_handling","rows":[{"cols":[{"width":"100%","children":[{"id":"ehr_flow_composition/nois/oppgavegruppe/vurdering_ved_utskrivelse/definert_handling/krav_for_å_gjøre_oppgaven","rows":[{"cols":[{"width":"100%","children":[{"id":"ehr_flow_composition/nois/oppgavegruppe/vurdering_ved_utskrivelse/definert_handling/krav_for_å_gjøre_oppgaven/bolsk_uttrykk","rows":[{"cols":[{"width":"100%","children":[{"id":"ehr_flow_composition/nois/oppgavegruppe/vurdering_ved_utskrivelse/definert_handling/krav_for_å_gjøre_oppgaven/bolsk_uttrykk/expression","rows":[]}]}]}]}]}]}]}]}]}]},{"id":"ehr_flow_composition/nois/oppgavegruppe/vurdering_ved_utskrivelse/datasett)","rows":[{"cols":[{"width":"100%","children":[{"id":"ehr_flow_composition/nois/oppgavegruppe/vurdering_ved_utskrivelse/datasett)/form_id","rows":[]}]}]}]}]}]}]},{"id":"ehr_flow_composition/nois/oppgavegruppe/vurdering_etter_30_dager","rows":[{"cols":[{"width":"100%","children":[{"id":"ehr_flow_composition/nois/oppgavegruppe/vurdering_etter_30_dager/ventetid","rows":[{"cols":[{"width":"100%","children":[{"id":"ehr_flow_composition/nois/oppgavegruppe/vurdering_etter_30_dager/ventetid/øyeblikk_i_tidslinja","rows":[{"cols":[{"width":"100%","children":[{"id":"ehr_flow_composition/nois/oppgavegruppe/vurdering_etter_30_dager/ventetid/øyeblikk_i_tidslinja/30_dager","rows":[]}]}]}]}]}]}]},{"id":"ehr_flow_composition/nois/oppgavegruppe/vurdering_etter_30_dager/datasett","rows":[{"cols":[{"width":"100%","children":[{"id":"ehr_flow_composition/nois/oppgavegruppe/vurdering_etter_30_dager/datasett/form_id","rows":[]}]}]}]}]}]}]}]}]}]}]}]}]}]}]}]}]}]