{"name":"Form root","localizedNames":{},"localizedDescriptions":{},"rmType":"FORM_DEFINITION","min":0,"max":0,"inputs":[],"formId":"form_root","viewConfig":{"label":{"custom":false,"value":"","useLocalizations":false,"localizationsList":{}},"size":{"field":"inherit","label":"inherit","fill":"inherit"},"layout":{"valign":"inherit","align":"inherit"},"annotations":{},"tags":[]},"children":[{"name":"EHR Flow Composition","localizedName":"EHR Flow Composition","localizedNames":{"nb":"EHR Flow Composition"},"localizedDescriptions":{"nb":"Generell template for bruk til taskplanning"},"rmType":"COMPOSITION","nodeId":"openEHR-EHR-COMPOSITION.taskplanning.v0","min":1,"max":1,"aqlPath":"","formId":"ehr_flow_composition","viewConfig":{"size":{"field":"inherit","label":"inherit","fill":"inherit"},"layout":{"label":{"valign":"inherit","align":"inherit"},"field":{"valign":"inherit","align":"inherit"}},"annotations":{},"tags":[]},"children":[{"name":"Context","localizedName":"Context","localizedNames":{"nb":"Context"},"localizedDescriptions":{"nb":"Documents the context information of a healthcare event involving the subject of care and the health system. The context information recorded here are independent of the attributes recorded in the version audit, which document the system interaction context, i.e. the context of a user interacting with the health record system. Healthcare events include patient contacts, and any other business activity, such as pathology investigations which take place on behalf of the patient."},"rmType":"EVENT_CONTEXT","min":1,"max":1,"aqlPath":"/context","formId":"ehr_flow_composition/context","viewConfig":{"size":{"field":"inherit","label":"inherit","fill":"inherit"},"layout":{"label":{"valign":"inherit","align":"inherit"},"field":{"valign":"inherit","align":"inherit"}},"annotations":{},"tags":[]}},{"name":"Infeksjonsovervårking","localizedName":"Infeksjonsovervårking","localizedNames":{"nb":"Infeksjonsovervårking"},"localizedDescriptions":{"nb":"*infection_monitoring_work_plan (en)"},"rmType":"WORK_PLAN","nodeId":"openEHR-TASK_PLANNING-WORK_PLAN.infection_monitoring_work_plan.v0","min":0,"max":1000,"aqlPath":"/content[openEHR-TASK_PLANNING-WORK_PLAN.infection_monitoring_work_plan.v0]","formId":"ehr_flow_composition/infeksjonsovervårking","viewConfig":{"size":{"field":"inherit","label":"inherit","fill":"inherit"},"layout":{"label":{"valign":"inherit","align":"inherit"},"field":{"valign":"inherit","align":"inherit"}},"annotations":{},"tags":[]},"children":[{"name":"Plankontekst","localizedName":"Plankontekst","localizedNames":{"nb":"Plankontekst"},"localizedDescriptions":{"nb":"*"},"rmType":"PLAN_DATA_CONTEXT","nodeId":"at0001","min":1,"max":1,"aqlPath":"/content[openEHR-TASK_PLANNING-WORK_PLAN.infection_monitoring_work_plan.v0]/context","formId":"ehr_flow_composition/infeksjonsovervårking/plankontekst","viewConfig":{"size":{"field":"inherit","label":"inherit","fill":"inherit"},"layout":{"label":{"valign":"inherit","align":"inherit"},"field":{"valign":"inherit","align":"inherit"}},"annotations":{},"tags":[]},"children":[{"name":"Kontekstvariabel","localizedName":"Kontekstvariabel","localizedNames":{"nb":"Kontekstvariabel"},"localizedDescriptions":{"nb":"*"},"rmType":"CONTEXT_VARIABLE","nodeId":"at0002","min":0,"max":1,"aqlPath":"/content[openEHR-TASK_PLANNING-WORK_PLAN.infection_monitoring_work_plan.v0]/context/variables","formId":"ehr_flow_composition/infeksjonsovervårking/plankontekst/kontekstvariabel","viewConfig":{"size":{"field":"inherit","label":"inherit","fill":"inherit"},"layout":{"label":{"valign":"inherit","align":"inherit"},"field":{"valign":"inherit","align":"inherit"}},"annotations":{},"tags":[]},"children":[{"name":"Terminologi kode","localizedName":"Terminologi kode","localizedNames":{"nb":"Terminologi kode"},"localizedDescriptions":{"nb":"*"},"rmType":"TYPE_DEF_TERMINOLOGY_CODE","nodeId":"at0003","min":1,"max":1,"aqlPath":"/content[openEHR-TASK_PLANNING-WORK_PLAN.infection_monitoring_work_plan.v0]/context/variables/type","formId":"ehr_flow_composition/infeksjonsovervårking/plankontekst/kontekstvariabel/terminologi_kode","viewConfig":{"size":{"field":"inherit","label":"inherit","fill":"inherit"},"layout":{"label":{"valign":"inherit","align":"inherit"},"field":{"valign":"inherit","align":"inherit"}},"annotations":{},"tags":[]}}]},{"name":"Bolsk kontekst uttrykk","localizedName":"Bolsk kontekst uttrykk","localizedNames":{"nb":"Bolsk kontekst uttrykk"},"localizedDescriptions":{"nb":"*"},"rmType":"BOOLEAN_CONTEXT_EXPRESSION","nodeId":"at0004","min":0,"max":1,"aqlPath":"/content[openEHR-TASK_PLANNING-WORK_PLAN.infection_monitoring_work_plan.v0]/context/expressions","formId":"ehr_flow_composition/infeksjonsovervårking/plankontekst/bolsk_kontekst_uttrykk","viewConfig":{"size":{"field":"inherit","label":"inherit","fill":"inherit"},"layout":{"label":{"valign":"inherit","align":"inherit"},"field":{"valign":"inherit","align":"inherit"}},"annotations":{},"tags":[]},"children":[{"name":"Expression","localizedName":"Expression","localizedNames":{"nb":"expression"},"localizedDescriptions":{"nb":"Expression"},"rmType":"STRING","min":1,"max":1,"aqlPath":"/content[openEHR-TASK_PLANNING-WORK_PLAN.infection_monitoring_work_plan.v0]/context/expressions/expression","inputs":[{"type":"TEXT","listOpen":false}],"formId":"ehr_flow_composition/infeksjonsovervårking/plankontekst/bolsk_kontekst_uttrykk/expression","viewConfig":{"size":{"field":"inherit","label":"inherit","fill":"inherit"},"layout":{"label":{"valign":"inherit","align":"inherit"},"field":{"valign":"inherit","align":"inherit"}},"annotations":{},"field":{"input":{"presentation":"textfield"}},"tags":[]}},{"name":"TYPE_DEF_BOOLEAN","localizedName":"TYPE_DEF_BOOLEAN","localizedNames":{"nb":"TYPE_DEF_BOOLEAN"},"localizedDescriptions":{"nb":"*"},"rmType":"TYPE_DEF_BOOLEAN","nodeId":"at0005","min":1,"max":1,"aqlPath":"/content[openEHR-TASK_PLANNING-WORK_PLAN.infection_monitoring_work_plan.v0]/context/expressions/type","formId":"ehr_flow_composition/infeksjonsovervårking/plankontekst/bolsk_kontekst_uttrykk/type_def_boolean","viewConfig":{"size":{"field":"inherit","label":"inherit","fill":"inherit"},"layout":{"label":{"valign":"inherit","align":"inherit"},"field":{"valign":"inherit","align":"inherit"}},"annotations":{},"tags":[]}}]}]}]},{"name":"NOIS","localizedName":"NOIS","localizedNames":{"nb":"NOIS"},"localizedDescriptions":{"nb":"*A naive modelling of the infection monitoring use-case (en)"},"rmType":"TASK_PLAN","nodeId":"openEHR-TASK_PLANNING-TASK_PLAN.infection_monitoring_simple.v0","min":0,"max":1000,"aqlPath":"/content[openEHR-TASK_PLANNING-TASK_PLAN.infection_monitoring_simple.v0]","formId":"ehr_flow_composition/nois","viewConfig":{"size":{"field":"inherit","label":"inherit","fill":"inherit"},"layout":{"label":{"valign":"inherit","align":"inherit"},"field":{"valign":"inherit","align":"inherit"}},"annotations":{},"tags":[]},"children":[{"name":"Oppgavegruppe","localizedName":"Oppgavegruppe","localizedNames":{"nb":"Oppgavegruppe"},"localizedDescriptions":{"nb":"*"},"rmType":"TASK_GROUP","nodeId":"at0001","min":1,"max":1,"aqlPath":"/content[openEHR-TASK_PLANNING-TASK_PLAN.infection_monitoring_simple.v0]/definition[at0001]","formId":"ehr_flow_composition/nois/oppgavegruppe","viewConfig":{"size":{"field":"inherit","label":"inherit","fill":"inherit"},"layout":{"label":{"valign":"inherit","align":"inherit"},"field":{"valign":"inherit","align":"inherit"}},"annotations":{},"tags":[]},"children":[{"name":"Post-operativ vurdering","localizedName":"Post-operativ vurdering","localizedNames":{"nb":"Post-operativ vurdering"},"localizedDescriptions":{"nb":"*"},"rmType":"PERFORMABLE_TASK","nodeId":"at0002","min":0,"max":1,"aqlPath":"/content[openEHR-TASK_PLANNING-TASK_PLAN.infection_monitoring_simple.v0]/definition[at0001]/members[at0002]","formId":"ehr_flow_composition/nois/oppgavegruppe/post-operativ_vurdering","viewConfig":{"size":{"field":"inherit","label":"inherit","fill":"inherit"},"layout":{"label":{"valign":"inherit","align":"inherit"},"field":{"valign":"inherit","align":"inherit"}},"annotations":{},"tags":[]},"children":[{"name":"Datasett","localizedName":"Datasett","localizedNames":{"nb":"Datasett"},"localizedDescriptions":{"nb":"*"},"rmType":"DATASET_SPEC","nodeId":"at0003","min":0,"max":1,"aqlPath":"/content[openEHR-TASK_PLANNING-TASK_PLAN.infection_monitoring_simple.v0]/definition[at0001]/members[at0002]/capture_dataset","formId":"ehr_flow_composition/nois/oppgavegruppe/post-operativ_vurdering/datasett","viewConfig":{"size":{"field":"inherit","label":"inherit","fill":"inherit"},"layout":{"label":{"valign":"inherit","align":"inherit"},"field":{"valign":"inherit","align":"inherit"}},"annotations":{},"tags":[]},"children":[{"name":"Form_id","localizedName":"Form_id","localizedNames":{"nb":"form_id"},"localizedDescriptions":{"nb":"Form_id"},"rmType":"STRING","min":1,"max":1,"aqlPath":"/content[openEHR-TASK_PLANNING-TASK_PLAN.infection_monitoring_simple.v0]/definition[at0001]/members[at0002]/capture_dataset/form_id","inputs":[{"type":"TEXT","listOpen":false}],"formId":"ehr_flow_composition/nois/oppgavegruppe/post-operativ_vurdering/datasett/form_id","viewConfig":{"size":{"field":"inherit","label":"inherit","fill":"inherit"},"layout":{"label":{"valign":"inherit","align":"inherit"},"field":{"valign":"inherit","align":"inherit"}},"annotations":{},"field":{"input":{"presentation":"textfield"}},"tags":[]}}]}]},{"name":"Vurdering ved utskrivelse","localizedName":"Vurdering ved utskrivelse","localizedNames":{"nb":"Vurdering ved utskrivelse"},"localizedDescriptions":{"nb":"*"},"rmType":"PERFORMABLE_TASK","nodeId":"at0004","min":0,"max":1,"aqlPath":"/content[openEHR-TASK_PLANNING-TASK_PLAN.infection_monitoring_simple.v0]/definition[at0001]/members[at0004]","formId":"ehr_flow_composition/nois/oppgavegruppe/vurdering_ved_utskrivelse","viewConfig":{"size":{"field":"inherit","label":"inherit","fill":"inherit"},"layout":{"label":{"valign":"inherit","align":"inherit"},"field":{"valign":"inherit","align":"inherit"}},"annotations":{},"tags":[]},"children":[{"name":"Definert handling","localizedName":"Definert handling","localizedNames":{"nb":"Definert handling"},"localizedDescriptions":{"nb":"*"},"rmType":"DEFINED_ACTION","nodeId":"at0005","min":1,"max":1,"aqlPath":"/content[openEHR-TASK_PLANNING-TASK_PLAN.infection_monitoring_simple.v0]/definition[at0001]/members[at0004]/action[at0005]","formId":"ehr_flow_composition/nois/oppgavegruppe/vurdering_ved_utskrivelse/definert_handling","viewConfig":{"size":{"field":"inherit","label":"inherit","fill":"inherit"},"layout":{"label":{"valign":"inherit","align":"inherit"},"field":{"valign":"inherit","align":"inherit"}},"annotations":{},"tags":[]},"children":[{"name":"Krav for å gjøre oppgaven","localizedName":"Krav for å gjøre oppgaven","localizedNames":{"nb":"Krav for å gjøre oppgaven"},"localizedDescriptions":{"nb":"*"},"rmType":"SUBJECT_PRECONDITION","nodeId":"at0006","min":0,"max":1,"aqlPath":"/content[openEHR-TASK_PLANNING-TASK_PLAN.infection_monitoring_simple.v0]/definition[at0001]/members[at0004]/action[at0005]/subject_preconditions","formId":"ehr_flow_composition/nois/oppgavegruppe/vurdering_ved_utskrivelse/definert_handling/krav_for_å_gjøre_oppgaven","viewConfig":{"size":{"field":"inherit","label":"inherit","fill":"inherit"},"layout":{"label":{"valign":"inherit","align":"inherit"},"field":{"valign":"inherit","align":"inherit"}},"annotations":{},"tags":[]},"children":[{"name":"Bolsk uttrykk","localizedName":"Bolsk uttrykk","localizedNames":{"nb":"Bolsk uttrykk"},"localizedDescriptions":{"nb":"*"},"rmType":"BOOLEAN_CONTEXT_EXPRESSION","nodeId":"at0007","min":1,"max":1,"aqlPath":"/content[openEHR-TASK_PLANNING-TASK_PLAN.infection_monitoring_simple.v0]/definition[at0001]/members[at0004]/action[at0005]/subject_preconditions/expression","formId":"ehr_flow_composition/nois/oppgavegruppe/vurdering_ved_utskrivelse/definert_handling/krav_for_å_gjøre_oppgaven/bolsk_uttrykk","viewConfig":{"size":{"field":"inherit","label":"inherit","fill":"inherit"},"layout":{"label":{"valign":"inherit","align":"inherit"},"field":{"valign":"inherit","align":"inherit"}},"annotations":{},"tags":[]},"children":[{"name":"Expression","localizedName":"Expression","localizedNames":{"nb":"expression"},"localizedDescriptions":{"nb":"Expression"},"rmType":"STRING","min":1,"max":1,"aqlPath":"/content[openEHR-TASK_PLANNING-TASK_PLAN.infection_monitoring_simple.v0]/definition[at0001]/members[at0004]/action[at0005]/subject_preconditions/expression/expression","inputs":[{"type":"TEXT","listOpen":false}],"formId":"ehr_flow_composition/nois/oppgavegruppe/vurdering_ved_utskrivelse/definert_handling/krav_for_å_gjøre_oppgaven/bolsk_uttrykk/expression","viewConfig":{"size":{"field":"inherit","label":"inherit","fill":"inherit"},"layout":{"label":{"valign":"inherit","align":"inherit"},"field":{"valign":"inherit","align":"inherit"}},"annotations":{},"field":{"input":{"presentation":"textfield"}},"tags":[]}}]}]}]},{"name":"Datasett)","localizedName":"Datasett)","localizedNames":{"nb":"Datasett)"},"localizedDescriptions":{"nb":"*"},"rmType":"DATASET_SPEC","nodeId":"at0008","min":0,"max":1,"aqlPath":"/content[openEHR-TASK_PLANNING-TASK_PLAN.infection_monitoring_simple.v0]/definition[at0001]/members[at0004]/capture_dataset","formId":"ehr_flow_composition/nois/oppgavegruppe/vurdering_ved_utskrivelse/datasett)","viewConfig":{"size":{"field":"inherit","label":"inherit","fill":"inherit"},"layout":{"label":{"valign":"inherit","align":"inherit"},"field":{"valign":"inherit","align":"inherit"}},"annotations":{},"tags":[]},"children":[{"name":"Form_id","localizedName":"Form_id","localizedNames":{"nb":"form_id"},"localizedDescriptions":{"nb":"Form_id"},"rmType":"STRING","min":1,"max":1,"aqlPath":"/content[openEHR-TASK_PLANNING-TASK_PLAN.infection_monitoring_simple.v0]/definition[at0001]/members[at0004]/capture_dataset/form_id","inputs":[{"type":"TEXT","listOpen":false}],"formId":"ehr_flow_composition/nois/oppgavegruppe/vurdering_ved_utskrivelse/datasett)/form_id","viewConfig":{"size":{"field":"inherit","label":"inherit","fill":"inherit"},"layout":{"label":{"valign":"inherit","align":"inherit"},"field":{"valign":"inherit","align":"inherit"}},"annotations":{},"field":{"input":{"presentation":"textfield"}},"tags":[]}}]}]},{"name":"Vurdering etter 30 dager","localizedName":"Vurdering etter 30 dager","localizedNames":{"nb":"Vurdering etter 30 dager"},"localizedDescriptions":{"nb":"*"},"rmType":"PERFORMABLE_TASK","nodeId":"at0009","min":0,"max":1,"aqlPath":"/content[openEHR-TASK_PLANNING-TASK_PLAN.infection_monitoring_simple.v0]/definition[at0001]/members[at0009]","formId":"ehr_flow_composition/nois/oppgavegruppe/vurdering_etter_30_dager","viewConfig":{"size":{"field":"inherit","label":"inherit","fill":"inherit"},"layout":{"label":{"valign":"inherit","align":"inherit"},"field":{"valign":"inherit","align":"inherit"}},"annotations":{},"tags":[]},"children":[{"name":"Ventetid","localizedName":"Ventetid","localizedNames":{"nb":"Ventetid"},"localizedDescriptions":{"nb":"*"},"rmType":"TASK_WAIT","nodeId":"at0010","min":1,"max":1,"aqlPath":"/content[openEHR-TASK_PLANNING-TASK_PLAN.infection_monitoring_simple.v0]/definition[at0001]/members[at0009]/wait_spec","formId":"ehr_flow_composition/nois/oppgavegruppe/vurdering_etter_30_dager/ventetid","viewConfig":{"size":{"field":"inherit","label":"inherit","fill":"inherit"},"layout":{"label":{"valign":"inherit","align":"inherit"},"field":{"valign":"inherit","align":"inherit"}},"annotations":{},"tags":[]},"children":[{"name":"Øyeblikk i tidslinja","localizedName":"Øyeblikk i tidslinja","localizedNames":{"nb":"Øyeblikk i tidslinja"},"localizedDescriptions":{"nb":"*"},"rmType":"TIMELINE_MOMENT","nodeId":"at0011","min":0,"max":1,"aqlPath":"/content[openEHR-TASK_PLANNING-TASK_PLAN.infection_monitoring_simple.v0]/definition[at0001]/members[at0009]/wait_spec/events[at0011]","formId":"ehr_flow_composition/nois/oppgavegruppe/vurdering_etter_30_dager/ventetid/øyeblikk_i_tidslinja","viewConfig":{"size":{"field":"inherit","label":"inherit","fill":"inherit"},"layout":{"label":{"valign":"inherit","align":"inherit"},"field":{"valign":"inherit","align":"inherit"}},"annotations":{},"tags":[]},"children":[{"name":"30 dager","localizedName":"30 dager","localizedNames":{"nb":"30 dager"},"localizedDescriptions":{"nb":"Vente i 30 dager"},"rmType":"IDURATION","nodeId":"at0024","min":1,"max":1,"aqlPath":"/content[openEHR-TASK_PLANNING-TASK_PLAN.infection_monitoring_simple.v0]/definition[at0001]/members[at0009]/wait_spec/events[at0011]/timeline_offset","inputs":[{"suffix":"year","type":"INTEGER","validation":{"range":{"minOp":">=","min":0.0}},"listOpen":false},{"suffix":"month","type":"INTEGER","validation":{"range":{"minOp":">=","min":0.0}},"listOpen":false},{"suffix":"week","type":"INTEGER","validation":{"range":{"minOp":">=","min":0.0}},"listOpen":false},{"suffix":"day","type":"INTEGER","validation":{"range":{"minOp":">=","min":0.0}},"listOpen":false},{"suffix":"hour","type":"INTEGER","validation":{"range":{"minOp":">=","min":0.0}},"listOpen":false},{"suffix":"minute","type":"INTEGER","validation":{"range":{"minOp":">=","min":0.0}},"listOpen":false}],"formId":"ehr_flow_composition/nois/oppgavegruppe/vurdering_etter_30_dager/ventetid/øyeblikk_i_tidslinja/30_dager","viewConfig":{"size":{"field":"inherit","label":"inherit","fill":"inherit"},"layout":{"label":{"valign":"inherit","align":"inherit"},"field":{"valign":"inherit","align":"inherit"}},"annotations":{},"tags":[]}}]}]},{"name":"Datasett","localizedName":"Datasett","localizedNames":{"nb":"Datasett"},"localizedDescriptions":{"nb":"*"},"rmType":"DATASET_SPEC","nodeId":"at0012","min":0,"max":1,"aqlPath":"/content[openEHR-TASK_PLANNING-TASK_PLAN.infection_monitoring_simple.v0]/definition[at0001]/members[at0009]/capture_dataset","formId":"ehr_flow_composition/nois/oppgavegruppe/vurdering_etter_30_dager/datasett","viewConfig":{"size":{"field":"inherit","label":"inherit","fill":"inherit"},"layout":{"label":{"valign":"inherit","align":"inherit"},"field":{"valign":"inherit","align":"inherit"}},"annotations":{},"tags":[]},"children":[{"name":"Form_id","localizedName":"Form_id","localizedNames":{"nb":"form_id"},"localizedDescriptions":{"nb":"Form_id"},"rmType":"STRING","min":1,"max":1,"aqlPath":"/content[openEHR-TASK_PLANNING-TASK_PLAN.infection_monitoring_simple.v0]/definition[at0001]/members[at0009]/capture_dataset/form_id","inputs":[{"type":"TEXT","listOpen":false}],"formId":"ehr_flow_composition/nois/oppgavegruppe/vurdering_etter_30_dager/datasett/form_id","viewConfig":{"size":{"field":"inherit","label":"inherit","fill":"inherit"},"layout":{"label":{"valign":"inherit","align":"inherit"},"field":{"valign":"inherit","align":"inherit"}},"annotations":{},"field":{"input":{"presentation":"textfield"}},"tags":[]}}]}]}]}]}]}],"templateLanguages":["nb"]}