{"name":"Form root","localizedNames":{},"localizedDescriptions":{},"rmType":"FORM_DEFINITION","min":0,"max":0,"inputs":[],"formId":"form_root","viewConfig":{"label":{"custom":false,"value":"","useLocalizations":false,"localizationsList":{}},"size":{"field":"inherit","label":"inherit","fill":"inherit"},"layout":{"valign":"inherit","align":"inherit"},"annotations":{},"tags":[]},"children":[{"name":"Oppmøte ved hofteoperasjon","localizedName":"Oppmøte ved hofteoperasjon","localizedNames":{"en":"Oppmøte ved hofteoperasjon"},"localizedDescriptions":{"en":"Interaction, contact or care event between a subject of care and healthcare provider(s)."},"rmType":"COMPOSITION","nodeId":"openEHR-EHR-COMPOSITION.taskplanning.v0","min":1,"max":1,"aqlPath":"","formId":"oppmøte_ved_hofteoperasjon","viewConfig":{"size":{"field":"inherit","label":"inherit","fill":"inherit"},"layout":{"label":{"valign":"inherit","align":"inherit"},"field":{"valign":"inherit","align":"inherit"}},"annotations":{},"tags":[]},"children":[{"name":"Context","localizedName":"Context","localizedNames":{"en":"Context"},"localizedDescriptions":{"en":"Documents the context information of a healthcare event involving the subject of care and the health system. The context information recorded here are independent of the attributes recorded in the version audit, which document the system interaction context, i.e. the context of a user interacting with the health record system. Healthcare events include patient contacts, and any other business activity, such as pathology investigations which take place on behalf of the patient."},"rmType":"EVENT_CONTEXT","min":1,"max":1,"aqlPath":"/context","formId":"oppmøte_ved_hofteoperasjon/context","viewConfig":{"size":{"field":"inherit","label":"inherit","fill":"inherit"},"layout":{"label":{"valign":"inherit","align":"inherit"},"field":{"valign":"inherit","align":"inherit"}},"annotations":{},"tags":[]}},{"name":"Hip_surgery","localizedName":"Hip_surgery","localizedNames":{"en":"hip_surgery"},"localizedDescriptions":{"en":"Workplan Hofteoperasjon - mottak av pasient"},"rmType":"WORK_PLAN","nodeId":"openEHR-EHR-WORK_PLAN.hip_surgery.v0","min":0,"max":1,"aqlPath":"/content[openEHR-EHR-WORK_PLAN.hip_surgery.v0]","formId":"oppmøte_ved_hofteoperasjon/hip_surgery","viewConfig":{"size":{"field":"inherit","label":"inherit","fill":"inherit"},"layout":{"label":{"valign":"inherit","align":"inherit"},"field":{"valign":"inherit","align":"inherit"}},"annotations":{},"tags":[]},"children":[{"name":"DV_TEXT","localizedName":"DV_TEXT","localizedNames":{"en":"DV_TEXT"},"localizedDescriptions":{"en":"Beskrivelse av workplan"},"rmType":"DV_CODED_TEXT","nodeId":"at0001","min":0,"max":1,"aqlPath":"/content[openEHR-EHR-WORK_PLAN.hip_surgery.v0]/description","inputs":[{"suffix":"code","type":"CODED_TEXT","list":[{"value":"at0002","label":"HEMI","ordinal":0,"localizedLabels":{"en":"HEMI"},"localizedDescriptions":{"en":"HemiProtese"}},{"value":"at0003","label":"TOTAL","ordinal":0,"localizedLabels":{"en":"TOTAL"},"localizedDescriptions":{"en":"TotalProtese"}},{"value":"at0004","label":"ANNET","ordinal":0,"localizedLabels":{"en":"ANNET"},"localizedDescriptions":{"en":"Annen hofteoperasjon"}}],"listOpen":false}],"formId":"oppmøte_ved_hofteoperasjon/hip_surgery/dv_text","viewConfig":{"size":{"field":"inherit","label":"inherit","fill":"inherit"},"layout":{"label":{"valign":"inherit","align":"inherit"},"field":{"valign":"inherit","align":"inherit"}},"datasource":{"loadRemote":false,"loadRemoteUrl":"","terminology":""},"annotations":{},"field":{"code":{"presentation":"combobox"}},"tags":[]}}]},{"name":"Hip Program - Attendance","localizedName":"Hip Program - Attendance","localizedNames":{"en":"Hip Program - Attendance"},"localizedDescriptions":{"en":"Tasks to be performed during attendance of hip patient"},"rmType":"TASK_PLAN","nodeId":"openEHR-EHR-TASK_PLAN.hip_surgery_attendance.v0","min":0,"max":1,"aqlPath":"/content[openEHR-EHR-TASK_PLAN.hip_surgery_attendance.v0]","formId":"oppmøte_ved_hofteoperasjon/hip_program_-_attendance","viewConfig":{"size":{"field":"inherit","label":"inherit","fill":"inherit"},"layout":{"label":{"valign":"inherit","align":"inherit"},"field":{"valign":"inherit","align":"inherit"}},"annotations":{},"tags":[]},"children":[{"name":"TASK_GROUP","localizedName":"TASK_GROUP","localizedNames":{"en":"TASK_GROUP"},"localizedDescriptions":{"en":"*"},"rmType":"TASK_GROUP","nodeId":"at0001","min":1,"max":1,"aqlPath":"/content[openEHR-EHR-TASK_PLAN.hip_surgery_attendance.v0]/definition[at0001]","formId":"oppmøte_ved_hofteoperasjon/hip_program_-_attendance/task_group","viewConfig":{"size":{"field":"inherit","label":"inherit","fill":"inherit"},"layout":{"label":{"valign":"inherit","align":"inherit"},"field":{"valign":"inherit","align":"inherit"}},"annotations":{},"tags":[]},"children":[{"name":"Preparation","localizedName":"Preparation","localizedNames":{"en":"Preparation"},"localizedDescriptions":{"en":"*"},"rmType":"TASK_GROUP","nodeId":"at0002","min":0,"max":1,"aqlPath":"/content[openEHR-EHR-TASK_PLAN.hip_surgery_attendance.v0]/definition[at0001]/members[at0002]","formId":"oppmøte_ved_hofteoperasjon/hip_program_-_attendance/task_group/preparation","viewConfig":{"size":{"field":"inherit","label":"inherit","fill":"inherit"},"layout":{"label":{"valign":"inherit","align":"inherit"},"field":{"valign":"inherit","align":"inherit"}},"annotations":{},"tags":[]},"children":[{"name":"Oppholdsmappe","localizedName":"Oppholdsmappe","localizedNames":{"en":"Oppholdsmappe"},"localizedDescriptions":{"en":"Klargjøring av oppholdsmappe, makrere listepasienter på whiteboardtavle - vaktrom"},"rmType":"PERFORMABLE_TASK","nodeId":"at0003","min":0,"max":1,"aqlPath":"/content[openEHR-EHR-TASK_PLAN.hip_surgery_attendance.v0]/definition[at0001]/members[at0002]/members[at0003]","formId":"oppmøte_ved_hofteoperasjon/hip_program_-_attendance/task_group/preparation/oppholdsmappe","viewConfig":{"size":{"field":"inherit","label":"inherit","fill":"inherit"},"layout":{"label":{"valign":"inherit","align":"inherit"},"field":{"valign":"inherit","align":"inherit"}},"annotations":{},"tags":[]}},{"name":"Mottak av pasient i avdeling","localizedName":"Mottak av pasient i avdeling","localizedNames":{"en":"Mottak av pasient i avdeling"},"localizedDescriptions":{"en":"Internt på avdeling gjøres det fordeling av hvem som skal ivareta mottak av listepasient. Dette markeres på en liten whiteboard tavle."},"rmType":"PERFORMABLE_TASK","nodeId":"at0004","min":0,"max":1,"aqlPath":"/content[openEHR-EHR-TASK_PLAN.hip_surgery_attendance.v0]/definition[at0001]/members[at0002]/members[at0004]","formId":"oppmøte_ved_hofteoperasjon/hip_program_-_attendance/task_group/preparation/mottak_av_pasient_i_avdeling","viewConfig":{"size":{"field":"inherit","label":"inherit","fill":"inherit"},"layout":{"label":{"valign":"inherit","align":"inherit"},"field":{"valign":"inherit","align":"inherit"}},"annotations":{},"tags":[]}}]},{"name":"Oppmøteregistrering","localizedName":"Oppmøteregistrering","localizedNames":{"en":"Oppmøteregistrering"},"localizedDescriptions":{"en":"Registrering av oppmøte og informere postspl om oppmøte."},"rmType":"PERFORMABLE_TASK","nodeId":"at0005","min":0,"max":1,"aqlPath":"/content[openEHR-EHR-TASK_PLAN.hip_surgery_attendance.v0]/definition[at0001]/members[at0005]","formId":"oppmøte_ved_hofteoperasjon/hip_program_-_attendance/task_group/oppmøteregistrering","viewConfig":{"size":{"field":"inherit","label":"inherit","fill":"inherit"},"layout":{"label":{"valign":"inherit","align":"inherit"},"field":{"valign":"inherit","align":"inherit"}},"annotations":{},"tags":[]},"children":[{"name":"Opppmøtetid","localizedName":"Opppmøtetid","localizedNames":{"en":"Opppmøtetid"},"localizedDescriptions":{"en":"Angi forventet oppmøte for pasienten."},"rmType":"DV_DATE_TIME","nodeId":"at0016","min":0,"max":1,"aqlPath":"/content[openEHR-EHR-TASK_PLAN.hip_surgery_attendance.v0]/definition[at0001]/members[at0005]/other_details[at0015]/items[at0016]/value","inputs":[{"type":"DATETIME","listOpen":false}],"formId":"oppmøte_ved_hofteoperasjon/hip_program_-_attendance/task_group/oppmøteregistrering/opppmøtetid","viewConfig":{"size":{"field":"inherit","label":"inherit","fill":"inherit"},"layout":{"label":{"valign":"inherit","align":"inherit"},"field":{"valign":"inherit","align":"inherit"}},"datasource":{"loadRemote":false,"loadRemoteUrl":"","terminology":""},"annotations":{},"field":{"input":{"hideTime":false,"dateFormat":"","hideDate":false}},"tags":[]}}]},{"name":"Samtale med fagpersonale","localizedName":"Samtale med fagpersonale","localizedNames":{"en":"Samtale med fagpersonale"},"localizedDescriptions":{"en":"*"},"rmType":"TASK_GROUP","nodeId":"at0006","min":0,"max":1,"aqlPath":"/content[openEHR-EHR-TASK_PLAN.hip_surgery_attendance.v0]/definition[at0001]/members[at0006]","formId":"oppmøte_ved_hofteoperasjon/hip_program_-_attendance/task_group/samtale_med_fagpersonale","viewConfig":{"size":{"field":"inherit","label":"inherit","fill":"inherit"},"layout":{"label":{"valign":"inherit","align":"inherit"},"field":{"valign":"inherit","align":"inherit"}},"annotations":{},"tags":[]},"children":[{"name":"Innleggelsessamtale","localizedName":"Innleggelsessamtale","localizedNames":{"en":"Innleggelsessamtale"},"localizedDescriptions":{"en":"Sykepleier/hjelpepleier samtale i hht skjema. Dersom hjelpepleier har samtale skal sykepleier ivareta medisinske fohrodl. Informasjon om pasientrettigheter. Gjennomgang av mobiliseringsplan. Instruksjon i bruk av VAS-skala. Tromboemboli profylakse. Hibiscrubb. Urinprøve - stix, ved utslag uricult, turnuslege informeres. Pasient skal signere skjema for reg. i hofteregisteret."},"rmType":"PERFORMABLE_TASK","nodeId":"at0007","min":0,"max":1,"aqlPath":"/content[openEHR-EHR-TASK_PLAN.hip_surgery_attendance.v0]/definition[at0001]/members[at0006]/members[at0007]","formId":"oppmøte_ved_hofteoperasjon/hip_program_-_attendance/task_group/samtale_med_fagpersonale/innleggelsessamtale","viewConfig":{"size":{"field":"inherit","label":"inherit","fill":"inherit"},"layout":{"label":{"valign":"inherit","align":"inherit"},"field":{"valign":"inherit","align":"inherit"}},"annotations":{},"tags":[]},"children":[{"name":"DATASET_SPEC","localizedName":"DATASET_SPEC","localizedNames":{"en":"DATASET_SPEC"},"localizedDescriptions":{"en":"*"},"rmType":"DATASET_SPEC","nodeId":"at0010","min":0,"max":1,"aqlPath":"/content[openEHR-EHR-TASK_PLAN.hip_surgery_attendance.v0]/definition[at0001]/members[at0006]/members[at0007]/capture_dataset","formId":"oppmøte_ved_hofteoperasjon/hip_program_-_attendance/task_group/samtale_med_fagpersonale/innleggelsessamtale/dataset_spec","viewConfig":{"size":{"field":"inherit","label":"inherit","fill":"inherit"},"layout":{"label":{"valign":"inherit","align":"inherit"},"field":{"valign":"inherit","align":"inherit"}},"annotations":{},"tags":[]},"children":[{"name":"Form_id","localizedName":"Form_id","localizedNames":{"en":"form_id"},"localizedDescriptions":{"en":"Form_id"},"rmType":"STRING","min":1,"max":1,"aqlPath":"/content[openEHR-EHR-TASK_PLAN.hip_surgery_attendance.v0]/definition[at0001]/members[at0006]/members[at0007]/capture_dataset/form_id","inputs":[{"type":"TEXT","listOpen":false}],"formId":"oppmøte_ved_hofteoperasjon/hip_program_-_attendance/task_group/samtale_med_fagpersonale/innleggelsessamtale/dataset_spec/form_id","viewConfig":{"size":{"field":"inherit","label":"inherit","fill":"inherit"},"layout":{"label":{"valign":"inherit","align":"inherit"},"field":{"valign":"inherit","align":"inherit"}},"annotations":{},"field":{"input":{"presentation":"textfield"}},"tags":[]}}]},{"name":"DEFINED_ACTION","localizedName":"DEFINED_ACTION","localizedNames":{"en":"DEFINED_ACTION"},"localizedDescriptions":{"en":"*"},"rmType":"DEFINED_ACTION","nodeId":"at0017","min":1,"max":1,"aqlPath":"/content[openEHR-EHR-TASK_PLAN.hip_surgery_attendance.v0]/definition[at0001]/members[at0006]/members[at0007]/action[at0017]","formId":"oppmøte_ved_hofteoperasjon/hip_program_-_attendance/task_group/samtale_med_fagpersonale/innleggelsessamtale/defined_action","viewConfig":{"size":{"field":"inherit","label":"inherit","fill":"inherit"},"layout":{"label":{"valign":"inherit","align":"inherit"},"field":{"valign":"inherit","align":"inherit"}},"annotations":{},"tags":[]},"children":[{"name":"TASK_PARTICIPATION","localizedName":"TASK_PARTICIPATION","localizedNames":{"en":"TASK_PARTICIPATION"},"localizedDescriptions":{"en":"*"},"rmType":"TASK_PARTICIPATION","nodeId":"at0018","min":0,"max":1,"aqlPath":"/content[openEHR-EHR-TASK_PLAN.hip_surgery_attendance.v0]/definition[at0001]/members[at0006]/members[at0007]/action[at0017]/other_participations","formId":"oppmøte_ved_hofteoperasjon/hip_program_-_attendance/task_group/samtale_med_fagpersonale/innleggelsessamtale/defined_action/task_participation","viewConfig":{"size":{"field":"inherit","label":"inherit","fill":"inherit"},"layout":{"label":{"valign":"inherit","align":"inherit"},"field":{"valign":"inherit","align":"inherit"}},"annotations":{},"tags":[]},"children":[{"name":"Rolle","localizedName":"Rolle","localizedNames":{"en":"Rolle"},"localizedDescriptions":{"en":"*"},"rmType":"DV_CODED_TEXT","nodeId":"at0019","min":0,"max":1,"aqlPath":"/content[openEHR-EHR-TASK_PLAN.hip_surgery_attendance.v0]/definition[at0001]/members[at0006]/members[at0007]/action[at0017]/other_participations/role","inputs":[{"suffix":"code","type":"CODED_TEXT","list":[{"value":"at0020","label":"SPL","ordinal":0,"localizedLabels":{"en":"SPL"},"localizedDescriptions":{"en":"Sykepleier"}},{"value":"at0021","label":"HJELP","ordinal":0,"localizedLabels":{"en":"HJELP"},"localizedDescriptions":{"en":"Hjelpepleier"}}],"listOpen":false}],"formId":"oppmøte_ved_hofteoperasjon/hip_program_-_attendance/task_group/samtale_med_fagpersonale/innleggelsessamtale/defined_action/task_participation/rolle","viewConfig":{"size":{"field":"inherit","label":"inherit","fill":"inherit"},"layout":{"label":{"valign":"inherit","align":"inherit"},"field":{"valign":"inherit","align":"inherit"}},"datasource":{"loadRemote":false,"loadRemoteUrl":"","terminology":""},"annotations":{},"field":{"code":{"presentation":"combobox"}},"tags":[]}}]}]}]},{"name":"Innkomstjournal","localizedName":"Innkomstjournal","localizedNames":{"en":"Innkomstjournal"},"localizedDescriptions":{"en":"Anamnese og kliniske funn. Bestille blodprøver (standard lab + glass til blodbank), BT/Puls, vekt, innkomstjournal, kurveark."},"rmType":"PERFORMABLE_TASK","nodeId":"at0008","min":0,"max":1,"aqlPath":"/content[openEHR-EHR-TASK_PLAN.hip_surgery_attendance.v0]/definition[at0001]/members[at0006]/members[at0008]","formId":"oppmøte_ved_hofteoperasjon/hip_program_-_attendance/task_group/samtale_med_fagpersonale/innkomstjournal","viewConfig":{"size":{"field":"inherit","label":"inherit","fill":"inherit"},"layout":{"label":{"valign":"inherit","align":"inherit"},"field":{"valign":"inherit","align":"inherit"}},"annotations":{},"tags":[]},"children":[{"name":"DATASET_SPEC","localizedName":"DATASET_SPEC","localizedNames":{"en":"DATASET_SPEC"},"localizedDescriptions":{"en":"*"},"rmType":"DATASET_SPEC","nodeId":"at0013","min":0,"max":1,"aqlPath":"/content[openEHR-EHR-TASK_PLAN.hip_surgery_attendance.v0]/definition[at0001]/members[at0006]/members[at0008]/capture_dataset","formId":"oppmøte_ved_hofteoperasjon/hip_program_-_attendance/task_group/samtale_med_fagpersonale/innkomstjournal/dataset_spec","viewConfig":{"size":{"field":"inherit","label":"inherit","fill":"inherit"},"layout":{"label":{"valign":"inherit","align":"inherit"},"field":{"valign":"inherit","align":"inherit"}},"annotations":{},"tags":[]},"children":[{"name":"Form_id","localizedName":"Form_id","localizedNames":{"en":"form_id"},"localizedDescriptions":{"en":"Form_id"},"rmType":"STRING","min":1,"max":1,"aqlPath":"/content[openEHR-EHR-TASK_PLAN.hip_surgery_attendance.v0]/definition[at0001]/members[at0006]/members[at0008]/capture_dataset/form_id","inputs":[{"type":"TEXT","listOpen":false}],"formId":"oppmøte_ved_hofteoperasjon/hip_program_-_attendance/task_group/samtale_med_fagpersonale/innkomstjournal/dataset_spec/form_id","viewConfig":{"size":{"field":"inherit","label":"inherit","fill":"inherit"},"layout":{"label":{"valign":"inherit","align":"inherit"},"field":{"valign":"inherit","align":"inherit"}},"annotations":{},"field":{"input":{"presentation":"textfield"}},"tags":[]}}]},{"name":"DEFINED_ACTION","localizedName":"DEFINED_ACTION","localizedNames":{"en":"DEFINED_ACTION"},"localizedDescriptions":{"en":"*"},"rmType":"DEFINED_ACTION","nodeId":"at0022","min":1,"max":1,"aqlPath":"/content[openEHR-EHR-TASK_PLAN.hip_surgery_attendance.v0]/definition[at0001]/members[at0006]/members[at0008]/action[at0022]","formId":"oppmøte_ved_hofteoperasjon/hip_program_-_attendance/task_group/samtale_med_fagpersonale/innkomstjournal/defined_action","viewConfig":{"size":{"field":"inherit","label":"inherit","fill":"inherit"},"layout":{"label":{"valign":"inherit","align":"inherit"},"field":{"valign":"inherit","align":"inherit"}},"annotations":{},"tags":[]},"children":[{"name":"TASK_PARTICIPATION","localizedName":"TASK_PARTICIPATION","localizedNames":{"en":"TASK_PARTICIPATION"},"localizedDescriptions":{"en":"*"},"rmType":"TASK_PARTICIPATION","nodeId":"at0023","min":0,"max":1,"aqlPath":"/content[openEHR-EHR-TASK_PLAN.hip_surgery_attendance.v0]/definition[at0001]/members[at0006]/members[at0008]/action[at0022]/other_participations","formId":"oppmøte_ved_hofteoperasjon/hip_program_-_attendance/task_group/samtale_med_fagpersonale/innkomstjournal/defined_action/task_participation","viewConfig":{"size":{"field":"inherit","label":"inherit","fill":"inherit"},"layout":{"label":{"valign":"inherit","align":"inherit"},"field":{"valign":"inherit","align":"inherit"}},"annotations":{},"tags":[]},"children":[{"name":"Rolle","localizedName":"Rolle","localizedNames":{"en":"Rolle"},"localizedDescriptions":{"en":"*"},"rmType":"DV_CODED_TEXT","nodeId":"at0024","min":0,"max":1,"aqlPath":"/content[openEHR-EHR-TASK_PLAN.hip_surgery_attendance.v0]/definition[at0001]/members[at0006]/members[at0008]/action[at0022]/other_participations/role","inputs":[{"suffix":"code","type":"CODED_TEXT","list":[{"value":"at0025","label":"LEGE","ordinal":0,"localizedLabels":{"en":"LEGE"},"localizedDescriptions":{"en":"Lege"}},{"value":"at0026","label":"TURNUS","ordinal":0,"localizedLabels":{"en":"TURNUS"},"localizedDescriptions":{"en":"Turnuslege"}}],"listOpen":false}],"formId":"oppmøte_ved_hofteoperasjon/hip_program_-_attendance/task_group/samtale_med_fagpersonale/innkomstjournal/defined_action/task_participation/rolle","viewConfig":{"size":{"field":"inherit","label":"inherit","fill":"inherit"},"layout":{"label":{"valign":"inherit","align":"inherit"},"field":{"valign":"inherit","align":"inherit"}},"datasource":{"loadRemote":false,"loadRemoteUrl":"","terminology":""},"annotations":{},"field":{"code":{"presentation":"combobox"}},"tags":[]}}]}]}]},{"name":"Fysioterapeutisk samtale","localizedName":"Fysioterapeutisk samtale","localizedNames":{"en":"Fysioterapeutisk samtale"},"localizedDescriptions":{"en":"Pasienter som ikke har vært på hofteskolen henvises til fysioterapeut for samtale.Samordnes av sykepleuer/hjelpepleier, ivaretas av fysioterapeut."},"rmType":"PERFORMABLE_TASK","nodeId":"at0009","min":0,"max":1,"aqlPath":"/content[openEHR-EHR-TASK_PLAN.hip_surgery_attendance.v0]/definition[at0001]/members[at0006]/members[at0009]","formId":"oppmøte_ved_hofteoperasjon/hip_program_-_attendance/task_group/samtale_med_fagpersonale/fysioterapeutisk_samtale","viewConfig":{"size":{"field":"inherit","label":"inherit","fill":"inherit"},"layout":{"label":{"valign":"inherit","align":"inherit"},"field":{"valign":"inherit","align":"inherit"}},"annotations":{},"tags":[]},"children":[{"name":"DATASET_SPEC","localizedName":"DATASET_SPEC","localizedNames":{"en":"DATASET_SPEC"},"localizedDescriptions":{"en":"*"},"rmType":"DATASET_SPEC","nodeId":"at0014","min":0,"max":1,"aqlPath":"/content[openEHR-EHR-TASK_PLAN.hip_surgery_attendance.v0]/definition[at0001]/members[at0006]/members[at0009]/capture_dataset","formId":"oppmøte_ved_hofteoperasjon/hip_program_-_attendance/task_group/samtale_med_fagpersonale/fysioterapeutisk_samtale/dataset_spec","viewConfig":{"size":{"field":"inherit","label":"inherit","fill":"inherit"},"layout":{"label":{"valign":"inherit","align":"inherit"},"field":{"valign":"inherit","align":"inherit"}},"annotations":{},"tags":[]},"children":[{"name":"Form_id","localizedName":"Form_id","localizedNames":{"en":"form_id"},"localizedDescriptions":{"en":"Form_id"},"rmType":"STRING","min":1,"max":1,"aqlPath":"/content[openEHR-EHR-TASK_PLAN.hip_surgery_attendance.v0]/definition[at0001]/members[at0006]/members[at0009]/capture_dataset/form_id","inputs":[{"type":"TEXT","listOpen":false}],"formId":"oppmøte_ved_hofteoperasjon/hip_program_-_attendance/task_group/samtale_med_fagpersonale/fysioterapeutisk_samtale/dataset_spec/form_id","viewConfig":{"size":{"field":"inherit","label":"inherit","fill":"inherit"},"layout":{"label":{"valign":"inherit","align":"inherit"},"field":{"valign":"inherit","align":"inherit"}},"annotations":{},"field":{"input":{"presentation":"textfield"}},"tags":[]}}]},{"name":"DEFINED_ACTION","localizedName":"DEFINED_ACTION","localizedNames":{"en":"DEFINED_ACTION"},"localizedDescriptions":{"en":"*"},"rmType":"DEFINED_ACTION","nodeId":"at0028","min":1,"max":1,"aqlPath":"/content[openEHR-EHR-TASK_PLAN.hip_surgery_attendance.v0]/definition[at0001]/members[at0006]/members[at0009]/action[at0028]","formId":"oppmøte_ved_hofteoperasjon/hip_program_-_attendance/task_group/samtale_med_fagpersonale/fysioterapeutisk_samtale/defined_action","viewConfig":{"size":{"field":"inherit","label":"inherit","fill":"inherit"},"layout":{"label":{"valign":"inherit","align":"inherit"},"field":{"valign":"inherit","align":"inherit"}},"annotations":{},"tags":[]},"children":[{"name":"TASK_PARTICIPATION","localizedName":"TASK_PARTICIPATION","localizedNames":{"en":"TASK_PARTICIPATION"},"localizedDescriptions":{"en":"*"},"rmType":"TASK_PARTICIPATION","nodeId":"at0029","min":0,"max":1,"aqlPath":"/content[openEHR-EHR-TASK_PLAN.hip_surgery_attendance.v0]/definition[at0001]/members[at0006]/members[at0009]/action[at0028]/other_participations","formId":"oppmøte_ved_hofteoperasjon/hip_program_-_attendance/task_group/samtale_med_fagpersonale/fysioterapeutisk_samtale/defined_action/task_participation","viewConfig":{"size":{"field":"inherit","label":"inherit","fill":"inherit"},"layout":{"label":{"valign":"inherit","align":"inherit"},"field":{"valign":"inherit","align":"inherit"}},"annotations":{},"tags":[]},"children":[{"name":"Rolle","localizedName":"Rolle","localizedNames":{"en":"Rolle"},"localizedDescriptions":{"en":"*"},"rmType":"DV_CODED_TEXT","nodeId":"at0030","min":0,"max":1,"aqlPath":"/content[openEHR-EHR-TASK_PLAN.hip_surgery_attendance.v0]/definition[at0001]/members[at0006]/members[at0009]/action[at0028]/other_participations/role","inputs":[{"suffix":"code","type":"CODED_TEXT","list":[{"value":"at0031","label":"FYSIO","ordinal":0,"localizedLabels":{"en":"FYSIO"},"localizedDescriptions":{"en":"Fysioterapeut"}},{"value":"at0032","label":"HJELPEPLEIER","ordinal":0,"localizedLabels":{"en":"HJELPEPLEIER"},"localizedDescriptions":{"en":"Hjelpepleier"}},{"value":"at0033","label":"SYKEPLEIER","ordinal":0,"localizedLabels":{"en":"SYKEPLEIER"},"localizedDescriptions":{"en":"Sykepleier"}}],"listOpen":false}],"formId":"oppmøte_ved_hofteoperasjon/hip_program_-_attendance/task_group/samtale_med_fagpersonale/fysioterapeutisk_samtale/defined_action/task_participation/rolle","viewConfig":{"size":{"field":"inherit","label":"inherit","fill":"inherit"},"layout":{"label":{"valign":"inherit","align":"inherit"},"field":{"valign":"inherit","align":"inherit"}},"datasource":{"loadRemote":false,"loadRemoteUrl":"","terminology":""},"annotations":{},"field":{"code":{"presentation":"combobox"}},"tags":[]}}]}]}]}]}]}]}]}],"templateLanguages":["en"]}