[{"col":1,"row":1,"width":12,"height":18,"children":[{"id":"oppmøte_ved_hofteoperasjon","rows":[{"cols":[{"width":"100%","children":[{"id":"oppmøte_ved_hofteoperasjon/hip_surgery","rows":[{"cols":[{"width":"100%","children":[{"id":"oppmøte_ved_hofteoperasjon/hip_surgery/dv_text","rows":[]}]}]}]},{"id":"oppmøte_ved_hofteoperasjon/hip_program_-_attendance","rows":[{"cols":[{"width":"100%","children":[{"id":"oppmøte_ved_hofteoperasjon/hip_program_-_attendance/task_group","rows":[{"cols":[{"width":"100%","children":[{"id":"oppmøte_ved_hofteoperasjon/hip_program_-_attendance/task_group/oppmøteregistrering","rows":[{"cols":[{"width":"100%","children":[{"id":"oppmøte_ved_hofteoperasjon/hip_program_-_attendance/task_group/oppmøteregistrering/opppmøtetid","rows":[]}]}]}]},{"id":"oppmøte_ved_hofteoperasjon/hip_program_-_attendance/task_group/samtale_med_fagpersonale","rows":[{"cols":[{"width":"100%","children":[{"id":"oppmøte_ved_hofteoperasjon/hip_program_-_attendance/task_group/samtale_med_fagpersonale/innleggelsessamtale","rows":[{"cols":[{"width":"100%","children":[{"id":"oppmøte_ved_hofteoperasjon/hip_program_-_attendance/task_group/samtale_med_fagpersonale/innleggelsessamtale/dataset_spec","rows":[{"cols":[{"width":"100%","children":[{"id":"oppmøte_ved_hofteoperasjon/hip_program_-_attendance/task_group/samtale_med_fagpersonale/innleggelsessamtale/dataset_spec/form_id","rows":[]}]}]}]},{"id":"oppmøte_ved_hofteoperasjon/hip_program_-_attendance/task_group/samtale_med_fagpersonale/innleggelsessamtale/defined_action","rows":[{"cols":[{"width":"100%","children":[{"id":"oppmøte_ved_hofteoperasjon/hip_program_-_attendance/task_group/samtale_med_fagpersonale/innleggelsessamtale/defined_action/task_participation","rows":[{"cols":[{"width":"100%","children":[{"id":"oppmøte_ved_hofteoperasjon/hip_program_-_attendance/task_group/samtale_med_fagpersonale/innleggelsessamtale/defined_action/task_participation/rolle","rows":[]}]}]}]}]}]}]}]}]}]},{"id":"oppmøte_ved_hofteoperasjon/hip_program_-_attendance/task_group/samtale_med_fagpersonale/innkomstjournal","rows":[{"cols":[{"width":"100%","children":[{"id":"oppmøte_ved_hofteoperasjon/hip_program_-_attendance/task_group/samtale_med_fagpersonale/innkomstjournal/dataset_spec","rows":[{"cols":[{"width":"100%","children":[{"id":"oppmøte_ved_hofteoperasjon/hip_program_-_attendance/task_group/samtale_med_fagpersonale/innkomstjournal/dataset_spec/form_id","rows":[]}]}]}]},{"id":"oppmøte_ved_hofteoperasjon/hip_program_-_attendance/task_group/samtale_med_fagpersonale/innkomstjournal/defined_action","rows":[{"cols":[{"width":"100%","children":[{"id":"oppmøte_ved_hofteoperasjon/hip_program_-_attendance/task_group/samtale_med_fagpersonale/innkomstjournal/defined_action/task_participation","rows":[{"cols":[{"width":"100%","children":[{"id":"oppmøte_ved_hofteoperasjon/hip_program_-_attendance/task_group/samtale_med_fagpersonale/innkomstjournal/defined_action/task_participation/rolle","rows":[]}]}]}]}]}]}]}]}]}]},{"id":"oppmøte_ved_hofteoperasjon/hip_program_-_attendance/task_group/samtale_med_fagpersonale/fysioterapeutisk_samtale","rows":[{"cols":[{"width":"100%","children":[{"id":"oppmøte_ved_hofteoperasjon/hip_program_-_attendance/task_group/samtale_med_fagpersonale/fysioterapeutisk_samtale/dataset_spec","rows":[{"cols":[{"width":"100%","children":[{"id":"oppmøte_ved_hofteoperasjon/hip_program_-_attendance/task_group/samtale_med_fagpersonale/fysioterapeutisk_samtale/dataset_spec/form_id","rows":[]}]}]}]},{"id":"oppmøte_ved_hofteoperasjon/hip_program_-_attendance/task_group/samtale_med_fagpersonale/fysioterapeutisk_samtale/defined_action","rows":[{"cols":[{"width":"100%","children":[{"id":"oppmøte_ved_hofteoperasjon/hip_program_-_attendance/task_group/samtale_med_fagpersonale/fysioterapeutisk_samtale/defined_action/task_participation","rows":[{"cols":[{"width":"100%","children":[{"id":"oppmøte_ved_hofteoperasjon/hip_program_-_attendance/task_group/samtale_med_fagpersonale/fysioterapeutisk_samtale/defined_action/task_participation/rolle","rows":[]}]}]}]}]}]}]}]}]}]}]}]}]}]}]}]}]}]}]}]}]}]}]}]