{"name":"Form root","localizedNames":{},"localizedDescriptions":{},"rmType":"FORM_DEFINITION","min":0,"max":0,"formId":"form_root","viewConfig":{"label":{"custom":false,"useLocalizations":false},"size":{"field":"inherit","label":"inherit"},"layout":{"label":{"valign":"inherit","align":"top"},"field":{"valign":"inherit","align":"inherit"}},"annotations":{"#weightQuery":"openEHR-EHR-OBSERVATION.body_weight.v1"}},"children":[{"name":"Fieldset","localizedName":"BMI","localizedNames":{"en":"BMI","nb":"BMI"},"localizedDescriptions":{},"rmType":"GENERIC_FIELDSET","min":0,"max":1,"inputs":[],"formId":"generic-field-07804","viewConfig":{"multiplicity":{"min":0,"max":1},"advanced":{"hidden":false,"readonly":false,"hideFrame":false,"render":false},"label":{"custom":false,"useLocalizations":false},"size":{"field":"inherit","label":"inherit"},"layout":{"label":{"valign":"inherit","align":"inherit"},"field":{"valign":"inherit","align":"inherit"}},"annotations":{"alertType":"INFO"},"field":{"formId":null,"name":null}},"children":[{"name":"Body weight","localizedName":"Body weight","localizedNames":{"en":"Body weight","nb":"Kroppsvekt"},"localizedDescriptions":{"en":"The body weight of an individual.","nb":"Individets kroppsvekt."},"rmType":"OBSERVATION","nodeId":"openEHR-EHR-OBSERVATION.body_weight.v1","min":0,"max":1,"aqlPath":"/content[openEHR-EHR-OBSERVATION.body_weight.v1]","inputs":[],"formId":"encounter/body_weight","viewConfig":{"multiplicity":{"min":0,"max":1},"advanced":{"hidden":false,"readonly":false,"hideFrame":false,"render":false},"label":{"custom":false,"useLocalizations":false},"size":{"field":"inherit","label":"inherit"},"layout":{"label":{"valign":"inherit","align":"inherit"},"field":{"valign":"inherit","align":"inherit"}},"annotations":{"selectreadonly":"{#weightQuery}"},"field":{}},"children":[{"name":"Time","localizedName":"Time","localizedNames":{"en":"Time","nb":"Tid"},"localizedDescriptions":{"en":"Default, unspecified point in time or interval event which may be explicitly defined in a template or at run-time.","nb":"Standard, uspesifisert tidspunkt eller tidsintervall som kan defineres mer eksplisitt i en template eller i en applikasjon."},"rmType":"DV_DATE_TIME","min":0,"max":1,"aqlPath":"/content[openEHR-EHR-OBSERVATION.body_weight.v1]/data[at0002]/events[at0003]/time","inputs":[{"type":"DATETIME","listOpen":false}],"formId":"encounter/body_weight/any_event/time","viewConfig":{"multiplicity":{"min":0,"max":1},"advanced":{"hidden":false,"readonly":false,"hideFrame":false,"render":false},"label":{"custom":false,"useLocalizations":false},"size":{"field":"inherit","label":"inherit"},"layout":{"label":{"valign":"inherit","align":"inherit"},"field":{"valign":"inherit","align":"inherit"}},"annotations":{},"field":{"input":{"hideTime":false,"dateFormat":"","hideDate":false}}}},{"name":"Weight","localizedName":"Weight","localizedNames":{"en":"Weight","nb":"Kroppsvekt"},"localizedDescriptions":{"en":"An individual's total body mass.","nb":"Et individs totale kroppsmasse."},"rmType":"DV_QUANTITY","nodeId":"at0004","min":0,"max":1,"aqlPath":"/content[openEHR-EHR-OBSERVATION.body_weight.v1]/data[at0002]/events[at0003]/data[at0001]/items[at0004]/value","inputs":[{"suffix":"magnitude","type":"DECIMAL","defaultValue":"","listOpen":false},{"suffix":"unit","type":"CODED_TEXT","list":[{"value":"kg","label":"kg","validation":{"range":{"minOp":">=","min":0.0,"maxOp":"<","max":1000.0}},"ordinal":0,"localizedLabels":{},"localizedDescriptions":{}},{"value":"g","label":"g","validation":{"range":{"minOp":">=","min":0.0,"maxOp":"<","max":100000.0},"precision":{"minOp":">=","min":0.0,"maxOp":"<=","max":0.0}},"ordinal":0,"localizedLabels":{},"localizedDescriptions":{}}],"listOpen":false}],"formId":"encounter/body_weight/any_event/weight","viewConfig":{"multiplicity":{"min":0,"max":1},"advanced":{"hidden":false,"readonly":false,"hideFrame":false,"render":false},"label":{"custom":false,"useLocalizations":false},"size":{"field":"inherit","label":"inherit"},"layout":{"label":{"valign":"inherit","align":"inherit"},"field":{"valign":"inherit","align":"inherit"}},"annotations":{},"field":{}}},{"name":"State of Dress","localizedName":"State of Dress","localizedNames":{"en":"State of Dress","nb":"Påkledning"},"localizedDescriptions":{"en":"Description of the state of dress of the person at the time of weighing.","nb":"Beskrivelse av personens påkledning på måletidspunktet."},"rmType":"DV_CODED_TEXT","nodeId":"at0009","min":0,"max":1,"aqlPath":"/content[openEHR-EHR-OBSERVATION.body_weight.v1]/data[at0002]/events[at0003]/state[at0008]/items[at0009]/value","inputs":[{"suffix":"code","type":"CODED_TEXT","list":[{"value":"at0011","label":"Lightly clothed/underwear","ordinal":0,"localizedLabels":{"en":"Lightly clothed/underwear","nb":"Lette klær / undertøy"},"localizedDescriptions":{"en":"Clothing which will not add to weight significantly.","nb":"Påkledning som ikke endrer vekten signifikant."}},{"value":"at0042","label":"Fully clothed, without shoes","ordinal":0,"localizedLabels":{"en":"Fully clothed, without shoes","nb":"Fullt påkledt uten sko"},"localizedDescriptions":{"en":"Clothing which may add significantly to weight, not including shoes.","nb":"Påkledning som kan øke vekten signifikant, uten sko."}},{"value":"at0010","label":"Fully clothed, including shoes","ordinal":0,"localizedLabels":{"en":"Fully clothed, including shoes","nb":"Fullt påkledt inklusive sko"},"localizedDescriptions":{"en":"Clothing which may add significantly to weight, including shoes.","nb":"Påkledning som kan øke vekten signifikant, inklusive sko."}}],"defaultValue":"at0042","listOpen":false}],"formId":"encounter/body_weight/any_event/state_of_dress","viewConfig":{"multiplicity":{"min":0,"max":1},"advanced":{"hidden":false,"readonly":false,"hideFrame":false,"render":false},"label":{"custom":false,"useLocalizations":false},"size":{"field":"inherit","label":"inherit"},"layout":{"label":{"valign":"inherit","align":"inherit"},"field":{"valign":"inherit","align":"inherit"}},"annotations":{},"field":{"code":{"presentation":"combobox","columns":"1"}}}},{"name":"Comment","localizedName":"Comment","localizedNames":{"en":"Comment","nb":"Kommentar"},"localizedDescriptions":{"en":"Additional description of the measurement of body weight not captured in other data elements.","nb":"Ytterligere beskrivelse av målingen av kroppsvekt som ikke dekkes i andre felt."},"rmType":"DV_TEXT","nodeId":"at0024","min":0,"max":1,"aqlPath":"/content[openEHR-EHR-OBSERVATION.body_weight.v1]/data[at0002]/events[at0003]/data[at0001]/items[at0024]/value","inputs":[{"type":"TEXT","list":[],"listOpen":false}],"formId":"encounter/body_weight/any_event/comment","viewConfig":{"multiplicity":{"min":0,"max":1},"advanced":{"hidden":false,"readonly":false,"hideFrame":false,"render":false},"label":{"custom":false,"useLocalizations":false},"size":{"field":"inherit","label":"inherit"},"layout":{"label":{"valign":"inherit","align":"inherit"},"field":{"valign":"inherit","align":"inherit"}},"datasource":{"loadRemote":false,"parameters":{}},"annotations":{},"field":{"lines":null,"input":{}}}}]},{"name":"Height/Length","localizedName":"Height/Length","localizedNames":{"en":"Height/Length","nb":"Høyde/Lengde"},"localizedDescriptions":{"en":"The height or length of the individual, measured from crown of head to sole of foot. Height is measured with the individual in a standing position and body length in a recumbent position.","nb":"Individets høyde eller lengde målt fra isse til fotsåle. Høyde måles stående og lengde liggende."},"rmType":"OBSERVATION","nodeId":"openEHR-EHR-OBSERVATION.height.v1","min":0,"max":1,"aqlPath":"/content[openEHR-EHR-OBSERVATION.height.v1]","inputs":[],"formId":"encounter/height_length","viewConfig":{"multiplicity":{"min":0,"max":1},"advanced":{"hidden":false,"readonly":false,"hideFrame":false,"render":false},"label":{"custom":false,"useLocalizations":false},"size":{"field":"inherit","label":"inherit"},"layout":{"label":{"valign":"inherit","align":"inherit"},"field":{"valign":"inherit","align":"inherit"}},"annotations":{},"field":{}},"children":[{"name":"Time","localizedName":"Time","localizedNames":{"en":"Time","nb":"Tid"},"localizedDescriptions":{"en":"Default, unspecified point in time or interval event which may be explicitly defined in a template or at run-time.","nb":"Standard, uspesifisert tidspunkt eller tidsintervall som kan defineres mer eksplisitt i en template eller i en applikasjon."},"rmType":"DV_DATE_TIME","min":0,"max":1,"aqlPath":"/content[openEHR-EHR-OBSERVATION.height.v1]/data[at0001]/events[at0002]/time","inputs":[{"type":"DATETIME","listOpen":false}],"formId":"encounter/height_length/any_event/time","viewConfig":{"multiplicity":{"min":0,"max":1},"advanced":{"hidden":false,"readonly":false,"hideFrame":false,"render":false},"label":{"custom":false,"useLocalizations":false},"size":{"field":"inherit","label":"inherit"},"layout":{"label":{"valign":"inherit","align":"inherit"},"field":{"valign":"inherit","align":"inherit"}},"annotations":{},"field":{"input":{"hideTime":false,"dateFormat":"","hideDate":false}}}},{"name":"Height/Length","localizedName":"Height/Length","localizedNames":{"en":"Height/Length","nb":"Høyde/lengde"},"localizedDescriptions":{"en":"The length of the body from crown of head to sole of foot.","nb":"Høyde/lengde fra isse til fotsåle."},"rmType":"DV_QUANTITY","nodeId":"at0004","min":0,"max":1,"aqlPath":"/content[openEHR-EHR-OBSERVATION.height.v1]/data[at0001]/events[at0002]/data[at0003]/items[at0004]/value","inputs":[{"suffix":"magnitude","type":"DECIMAL","defaultValue":"","listOpen":false},{"suffix":"unit","type":"CODED_TEXT","list":[{"value":"cm","label":"cm","validation":{"range":{"minOp":">=","min":0.0,"maxOp":"<=","max":500.0}},"ordinal":0,"localizedLabels":{},"localizedDescriptions":{}}],"listOpen":false}],"formId":"encounter/height_length/any_event/height_length","viewConfig":{"multiplicity":{"min":0,"max":1},"advanced":{"hidden":false,"readonly":false,"hideFrame":false,"render":false},"label":{"custom":false,"useLocalizations":false},"size":{"field":"inherit","label":"inherit"},"layout":{"label":{"valign":"inherit","align":"inherit"},"field":{"valign":"inherit","align":"inherit"}},"annotations":{},"field":{}}},{"name":"Position","localizedName":"Position","localizedNames":{"en":"Position","nb":"Kroppsstilling"},"localizedDescriptions":{"en":"Position of individual when measured.","nb":"Individets kroppsstilling på måletidspunktet."},"rmType":"DV_CODED_TEXT","nodeId":"at0014","min":0,"max":1,"aqlPath":"/content[openEHR-EHR-OBSERVATION.height.v1]/data[at0001]/events[at0002]/state[at0013]/items[at0014]/value","inputs":[{"suffix":"code","type":"CODED_TEXT","list":[{"value":"at0016","label":"Standing","ordinal":0,"localizedLabels":{"en":"Standing","nb":"Stående"},"localizedDescriptions":{"en":"Height is optimally measured without shoes, without socks (to be able to properly assess the position of the foot), buttocks, heels and shoulders in contact with the wall, the head in the Frankfurt position (lower orbital rim horizontal with the external acoustic meatus). The individual should be told to \"stand straight\", but not to push their head up.","nb":"Høyde måles optimalt uten sko, uten sokker (for å se fotstillingen skikkelig), rumpen inntil veggen, skuldrene inntil veggen, hodet i Frankfurt stilling (nedre orbitalkant horisontalt med ytre øregang). En skal si til vedkommende \"stå rett\", men ikke skyve opp hodet."}},{"value":"at0020","label":"Lying","ordinal":0,"localizedLabels":{"en":"Lying","nb":"Liggende"},"localizedDescriptions":{"en":"Length is measured in a fully extended, recumbent position with the pelvis flat, legs extended and feet flexed.","nb":"Lengde måles i en helt utstrakt, liggende posisjon med bekkenet flatt, beina strekte og føtter verken flektert eller ekstendert."}}],"defaultValue":"at0016","listOpen":false}],"formId":"encounter/height_length/any_event/position","viewConfig":{"multiplicity":{"min":0,"max":1},"advanced":{"hidden":false,"readonly":false,"hideFrame":false,"render":false},"label":{"custom":false,"useLocalizations":false},"size":{"field":"inherit","label":"inherit"},"layout":{"label":{"valign":"inherit","align":"inherit"},"field":{"valign":"inherit","align":"inherit"}},"annotations":{},"field":{"code":{"presentation":"combobox","columns":"2"}}}},{"name":"Comment","localizedName":"Comment","localizedNames":{"en":"Comment","nb":"Kommentar"},"localizedDescriptions":{"en":"Comment about the measurement of body height/length.","nb":"Ytterligere beskrivelse av målingen av høyde/lengde som ikke dekkes i andre felt."},"rmType":"DV_TEXT","nodeId":"at0018","min":0,"max":1,"aqlPath":"/content[openEHR-EHR-OBSERVATION.height.v1]/data[at0001]/events[at0002]/data[at0003]/items[at0018]/value","inputs":[{"type":"TEXT","list":[],"listOpen":false}],"formId":"encounter/height_length/any_event/comment","viewConfig":{"multiplicity":{"min":0,"max":1},"advanced":{"hidden":false,"readonly":false,"hideFrame":false,"render":false},"label":{"custom":false,"useLocalizations":false},"size":{"field":"inherit","label":"inherit"},"layout":{"label":{"valign":"inherit","align":"inherit"},"field":{"valign":"inherit","align":"inherit"}},"datasource":{"loadRemote":false,"parameters":{}},"annotations":{},"field":{"lines":null,"input":{}}}}]},{"name":"Body mass index","localizedName":"Body mass index","localizedNames":{"en":"Body mass index","nb":"Kroppsmasseindeks"},"localizedDescriptions":{"en":"Calculated measurement which compares a person's weight and height.","nb":"Beregnet verdi som gjenspeiler individets kroppsmasse på grunnlag av dens høyde og vekt."},"rmType":"OBSERVATION","nodeId":"openEHR-EHR-OBSERVATION.body_mass_index.v1","min":0,"max":1,"aqlPath":"/content[openEHR-EHR-OBSERVATION.body_mass_index.v1]","inputs":[],"formId":"encounter/body_mass_index","viewConfig":{"multiplicity":{"min":0,"max":1},"advanced":{"hidden":false,"readonly":false,"hideFrame":false,"render":false},"label":{"custom":false,"useLocalizations":false},"size":{"field":"inherit","label":"inherit"},"layout":{"label":{"valign":"inherit","align":"inherit"},"field":{"valign":"inherit","align":"inherit"}},"annotations":{"validateemptycontainer":"false"},"field":{}},"children":[{"name":"Time","localizedName":"Time","localizedNames":{"en":"Time","nb":"Tid"},"localizedDescriptions":{"en":"Any timed recording of Body Mass Index.","nb":"Standard, uspesifisert tidspunkt eller tidsintervall som kan defineres mer eksplisitt i en template eller i en applikasjon."},"rmType":"DV_DATE_TIME","min":0,"max":1,"aqlPath":"/content[openEHR-EHR-OBSERVATION.body_mass_index.v1]/data[at0001]/events[at0002]/time","inputs":[{"type":"DATETIME","listOpen":false}],"formId":"encounter/body_mass_index/any_event/time","viewConfig":{"multiplicity":{"min":0,"max":1},"advanced":{"hidden":false,"readonly":false,"hideFrame":false,"render":false},"label":{"custom":false,"useLocalizations":false},"size":{"field":"inherit","label":"inherit"},"layout":{"label":{"valign":"inherit","align":"inherit"},"field":{"valign":"inherit","align":"inherit"}},"annotations":{},"field":{"input":{"hideTime":false,"dateFormat":"","hideDate":false}}}},{"name":"Body Mass Index","localizedName":"Body Mass Index","localizedNames":{"en":"Body Mass Index","nb":"Kroppsmasseindeks"},"localizedDescriptions":{"en":"Index describing ratio of weight to height.","nb":"Indeks som beskriver forholdet mellom vekt og høyde."},"rmType":"DV_QUANTITY","nodeId":"at0004","min":1,"max":1,"aqlPath":"/content[openEHR-EHR-OBSERVATION.body_mass_index.v1]/data[at0001]/events[at0002]/data[at0003]/items[at0004]/value","inputs":[{"suffix":"magnitude","type":"DECIMAL","defaultValue":"","listOpen":false},{"suffix":"unit","type":"CODED_TEXT","list":[{"value":"kg/m2","label":"kg/m2","validation":{"range":{"minOp":">=","min":0.0,"maxOp":"<","max":500.0},"precision":{"minOp":">=","min":1.0,"maxOp":"<=","max":1.0}},"ordinal":0,"localizedLabels":{},"localizedDescriptions":{}}],"listOpen":false}],"formId":"encounter/body_mass_index/any_event/body_mass_index","viewConfig":{"multiplicity":{"min":1,"max":1},"advanced":{"hidden":false,"readonly":false,"hideFrame":false,"render":false},"label":{"custom":false,"useLocalizations":false},"size":{"field":"inherit","label":"inherit"},"layout":{"label":{"valign":"inherit","align":"inherit"},"field":{"valign":"inherit","align":"inherit"}},"annotations":{},"field":{}}},{"name":"Method","localizedName":"Method","localizedNames":{"en":"Method","nb":"Metode"},"localizedDescriptions":{"en":"The method of entering the Body Mass Index.","nb":"Metode for registrering av kroppsmasseindeks."},"rmType":"DV_CODED_TEXT","nodeId":"at0006","min":0,"max":1,"aqlPath":"/content[openEHR-EHR-OBSERVATION.body_mass_index.v1]/protocol[at0005]/items[at0006]/value","inputs":[{"suffix":"code","type":"CODED_TEXT","list":[{"value":"at0007","label":"Automatic entry","ordinal":0,"localizedLabels":{"en":"Automatic entry","nb":"Automatisk registrering"},"localizedDescriptions":{"en":"Body Mass Index calculated and entered automatically without user intervention.","nb":"Kroppsmasseindeks beregnes og legges inn automatisk, uten brukermedvirkning."}},{"value":"at0008","label":"Direct entry","ordinal":0,"localizedLabels":{"en":"Direct entry","nb":"Manuell registrering"},"localizedDescriptions":{"en":"Body Mass Index calculated and entered directly by user.","nb":"Kroppsmasseindeks beregnes og registreres manuelt av brukeren."}}],"listOpen":false}],"formId":"encounter/body_mass_index/method","viewConfig":{"multiplicity":{"min":0,"max":1},"advanced":{"hidden":false,"readonly":false,"hideFrame":false,"render":false},"label":{"custom":false,"useLocalizations":false},"size":{"field":"inherit","label":"inherit"},"layout":{"label":{"valign":"inherit","align":"inherit"},"field":{"valign":"inherit","align":"inherit"}},"annotations":{},"field":{"code":{"presentation":"radios","columns":"2"}}}},{"name":"Comment","localizedName":"Comment","localizedNames":{"en":"Comment","nb":"Kommentar"},"localizedDescriptions":{"en":"Comment about the Body Mass Index measurement eg noting that the measurements used were adjusted weight/height.","nb":"Kommentar om registrert BMI, f.eks notat om at at målingene som ble brukt var av typen justert vekt / høyde, eller om høyde er målt, oppgitt eller estimert."},"rmType":"DV_TEXT","nodeId":"at0011","min":0,"max":1,"aqlPath":"/content[openEHR-EHR-OBSERVATION.body_mass_index.v1]/protocol[at0005]/items[at0011]/value","inputs":[{"type":"TEXT","list":[],"listOpen":false}],"formId":"encounter/body_mass_index/comment","viewConfig":{"multiplicity":{"min":0,"max":1},"advanced":{"hidden":false,"readonly":false,"hideFrame":false,"render":false},"label":{"custom":false,"useLocalizations":false},"size":{"field":"inherit","label":"inherit"},"layout":{"label":{"valign":"inherit","align":"inherit"},"field":{"valign":"inherit","align":"inherit"}},"datasource":{"loadRemote":false,"parameters":{}},"annotations":{},"field":{"lines":null,"input":{}}}}]}]},{"name":"Blood Pressure","localizedName":"Blood Pressure","localizedNames":{"en":"Blood Pressure","nb":"Blodtrykk"},"localizedDescriptions":{"en":"The local measurement of arterial blood pressure which is a surrogate for arterial. pressure in the systemic circulation. Most commonly, use of the term 'blood pressure' refers to measurement of brachial artery pressure in the upper arm.","nb":"Måling av blodtrykket som uttrykk for det arterielle blodtrykk i det systemiske kretsløp."},"rmType":"OBSERVATION","nodeId":"openEHR-EHR-OBSERVATION.blood_pressure.v1","min":0,"max":-1,"aqlPath":"/content[openEHR-EHR-OBSERVATION.blood_pressure.v1]","inputs":[],"formId":"encounter/blood_pressure","viewConfig":{"multiplicity":{"min":0,"max":-1},"advanced":{"hidden":false,"readonly":false,"hideFrame":false,"render":false},"label":{"custom":false,"useLocalizations":false},"size":{"field":"inherit","label":"inherit"},"layout":{"label":{"valign":"inherit","align":"inherit"},"field":{"valign":"inherit","align":"inherit"}},"annotations":{},"field":{}},"children":[{"name":"Origin","localizedName":"Origin","localizedNames":{"en":"Origin","nb":"Opprinnelse"},"localizedDescriptions":{"en":"History Structural node.","nb":"History Structural node."},"rmType":"DV_DATE_TIME","min":0,"max":1,"aqlPath":"/content[openEHR-EHR-OBSERVATION.blood_pressure.v1]/data[at0001]/origin","inputs":[{"type":"DATETIME","listOpen":false}],"formId":"encounter/blood_pressure/history/origin","viewConfig":{"multiplicity":{"min":0,"max":1},"advanced":{"hidden":false,"readonly":false,"hideFrame":false,"render":false},"label":{"custom":false,"useLocalizations":false},"size":{"field":"inherit","label":"inherit"},"layout":{"label":{"valign":"inherit","align":"inherit"},"field":{"valign":"inherit","align":"inherit"}},"annotations":{},"field":{"input":{"hideTime":false,"dateFormat":"","hideDate":false}}}},{"name":"any event","localizedName":"Any event","localizedNames":{"en":"Any event","nb":"Uspesifisert hendelse"},"localizedDescriptions":{"en":"Default event.","nb":"Standard, uspesifisert tidspunkt eller tidsintervall som kan defineres mer eksplisitt i en template eller i en applikasjon."},"rmType":"EVENT","nodeId":"at0006","min":0,"max":-1,"aqlPath":"/content[openEHR-EHR-OBSERVATION.blood_pressure.v1]/data[at0001]/events[at0006]","inputs":[],"formId":"encounter/blood_pressure/any_event","viewConfig":{"multiplicity":{"min":0,"max":-1},"advanced":{"hidden":false,"readonly":false,"hideFrame":false,"render":false},"label":{"custom":false,"useLocalizations":false},"size":{"field":"inherit","label":"inherit"},"layout":{"label":{"valign":"inherit","align":"inherit"},"field":{"valign":"inherit","align":"inherit"}},"annotations":{}},"children":[{"name":"Systolic","localizedName":"Systolic","localizedNames":{"en":"Systolic","nb":"Systolisk"},"localizedDescriptions":{"en":"Peak systemic arterial blood pressure - measured in systolic or contraction phase of the heart cycle.","nb":"Maksimalt systemisk arterielt blodtrykk - målt i systolen, det vil si i hjertets kontraksjonsfase."},"rmType":"DV_QUANTITY","nodeId":"at0004","min":0,"max":1,"aqlPath":"/content[openEHR-EHR-OBSERVATION.blood_pressure.v1]/data[at0001]/events[at0006]/data[at0003]/items[at0004]/value","inputs":[{"suffix":"magnitude","type":"DECIMAL","defaultValue":"","listOpen":false},{"suffix":"unit","type":"CODED_TEXT","list":[{"value":"mm[Hg]","label":"mm[Hg]","validation":{"range":{"minOp":">=","min":0.0,"maxOp":"<","max":1000.0},"precision":{"minOp":">=","min":0.0,"maxOp":"<=","max":0.0}},"ordinal":0,"localizedLabels":{},"localizedDescriptions":{}}],"listOpen":false}],"formId":"encounter/blood_pressure/any_event/systolic","viewConfig":{"multiplicity":{"min":0,"max":1},"advanced":{"hidden":false,"readonly":false,"hideFrame":false,"render":false},"label":{"custom":false,"useLocalizations":false},"size":{"field":"inherit","label":"inherit"},"layout":{"label":{"valign":"inherit","align":"inherit"},"field":{"valign":"inherit","align":"inherit"}},"annotations":{},"field":{}}},{"name":"Diastolic","localizedName":"Diastolic","localizedNames":{"en":"Diastolic","nb":"Diastolisk"},"localizedDescriptions":{"en":"Minimum systemic arterial blood pressure - measured in the diastolic or relaxation phase of the heart cycle.","nb":"Laveste systemiske arterielle blodtrykk - målt i diastolen, det vil si under hjertets relaksasjonsfase."},"rmType":"DV_QUANTITY","nodeId":"at0005","min":0,"max":1,"aqlPath":"/content[openEHR-EHR-OBSERVATION.blood_pressure.v1]/data[at0001]/events[at0006]/data[at0003]/items[at0005]/value","inputs":[{"suffix":"magnitude","type":"DECIMAL","defaultValue":"","listOpen":false},{"suffix":"unit","type":"CODED_TEXT","list":[{"value":"mm[Hg]","label":"mm[Hg]","validation":{"range":{"minOp":">=","min":0.0,"maxOp":"<","max":1000.0},"precision":{"minOp":">=","min":0.0,"maxOp":"<=","max":0.0}},"ordinal":0,"localizedLabels":{},"localizedDescriptions":{}}],"listOpen":false}],"formId":"encounter/blood_pressure/any_event/diastolic","viewConfig":{"multiplicity":{"min":0,"max":1},"advanced":{"hidden":false,"readonly":false,"hideFrame":false,"render":false},"label":{"custom":false,"useLocalizations":false},"size":{"field":"inherit","label":"inherit"},"layout":{"label":{"valign":"inherit","align":"inherit"},"field":{"valign":"inherit","align":"inherit"}},"annotations":{},"field":{}}},{"name":"Mean Arterial Pressure","localizedName":"Mean Arterial Pressure","localizedNames":{"en":"Mean Arterial Pressure","nb":"Middelarterietrykk"},"localizedDescriptions":{"en":"The average arterial pressure that occurs over the entire course of the heart contraction and relaxation cycle.","nb":"Det gjennomsnittlige trykket mot arterieveggen gjennom en enkelt hjertesyklus. Middeltrykk/MAP måles direkte eller beregnes ut fra systolisk og diastolisk trykk ved hjelp av en matematisk formel."},"rmType":"DV_QUANTITY","nodeId":"at1006","min":0,"max":1,"aqlPath":"/content[openEHR-EHR-OBSERVATION.blood_pressure.v1]/data[at0001]/events[at0006]/data[at0003]/items[at1006]/value","inputs":[{"suffix":"magnitude","type":"DECIMAL","defaultValue":"","listOpen":false},{"suffix":"unit","type":"CODED_TEXT","list":[{"value":"mm[Hg]","label":"mm[Hg]","validation":{"range":{"minOp":">=","min":0.0,"maxOp":"<","max":1000.0},"precision":{"minOp":">=","min":0.0,"maxOp":"<=","max":0.0}},"ordinal":0,"localizedLabels":{},"localizedDescriptions":{}}],"listOpen":false}],"formId":"encounter/blood_pressure/any_event/mean_arterial_pressure","viewConfig":{"multiplicity":{"min":0,"max":1},"advanced":{"hidden":false,"readonly":false,"hideFrame":false,"render":false},"label":{"custom":false,"useLocalizations":false},"size":{"field":"inherit","label":"inherit"},"layout":{"label":{"valign":"inherit","align":"inherit"},"field":{"valign":"inherit","align":"inherit"}},"annotations":{},"field":{}}},{"name":"Position","localizedName":"Position","localizedNames":{"en":"Position","nb":"Stilling"},"localizedDescriptions":{"en":"The position of the subject at the time of measurement.","nb":"Individets posisjon ved tidspunktet for målingen."},"rmType":"DV_CODED_TEXT","nodeId":"at0008","min":0,"max":1,"aqlPath":"/content[openEHR-EHR-OBSERVATION.blood_pressure.v1]/data[at0001]/events[at0006]/state[at0007]/items[at0008]/value","inputs":[{"suffix":"code","type":"CODED_TEXT","list":[{"value":"at1001","label":"Sitting","ordinal":0,"localizedLabels":{"en":"Sitting","nb":"Sittende"},"localizedDescriptions":{"en":"Sitting (for example on bed or chair) at the time of blood pressure measurement.","nb":"Sittende (for eksempel på en stol eller på en seng med føttene på gulvet) på tidspunkt for blodtrykksmålingen."}},{"value":"at1002","label":"Reclining","ordinal":0,"localizedLabels":{"en":"Reclining","nb":"Tilbakelent"},"localizedDescriptions":{"en":"Reclining at the time of blood pressure measurement.","nb":"Sittende tilbakelent ca 45º og med beina hevet til samme høyde som hoften på tidspunkt for blodtrykksmålingen."}}],"defaultValue":"at1001","listOpen":false}],"formId":"encounter/blood_pressure/any_event/position","viewConfig":{"multiplicity":{"min":0,"max":1},"advanced":{"hidden":false,"readonly":false,"hideFrame":false,"render":false},"label":{"custom":false,"useLocalizations":false},"size":{"field":"inherit","label":"inherit"},"layout":{"label":{"valign":"inherit","align":"inherit"},"field":{"valign":"inherit","align":"inherit"}},"annotations":{},"field":{"code":{"presentation":"radios","columns":"2"}}}},{"name":"Sleep status","localizedName":"Sleep status","localizedNames":{"en":"Sleep status","nb":"Søvnstatus"},"localizedDescriptions":{"en":"Sleep status - supports interpretation of 24 hour ambulatory blood pressure records.","nb":"Søvnstatus - understøtter tolkning av 24 timers ambulant blodtrykksmåling."},"rmType":"DV_CODED_TEXT","nodeId":"at1043","min":0,"max":1,"aqlPath":"/content[openEHR-EHR-OBSERVATION.blood_pressure.v1]/data[at0001]/events[at0006]/state[at0007]/items[at1043]/value","inputs":[{"suffix":"code","type":"CODED_TEXT","list":[{"value":"at1044","label":"Alert & awake","ordinal":0,"localizedLabels":{"en":"Alert & awake","nb":"Våken"},"localizedDescriptions":{"en":"Subject is fully conscious.","nb":"Individet er ved full bevissthet."}},{"value":"at1045","label":"Sleeping","ordinal":0,"localizedLabels":{"en":"Sleeping","nb":"Sovende"},"localizedDescriptions":{"en":"Subject is in the natural state of bodily rest.","nb":"Individet er i den naturlige tilstand av kroppslig hvile."}}],"defaultValue":"at1044","listOpen":false}],"formId":"encounter/blood_pressure/any_event/sleep_status","viewConfig":{"multiplicity":{"min":0,"max":1},"advanced":{"hidden":false,"readonly":false,"hideFrame":false,"render":false},"label":{"custom":false,"useLocalizations":false},"size":{"field":"inherit","label":"inherit"},"layout":{"label":{"valign":"inherit","align":"inherit"},"field":{"valign":"inherit","align":"inherit"}},"annotations":{},"field":{"code":{"presentation":"radios","columns":"2"}}}},{"name":"Comment","localizedName":"Comment","localizedNames":{"en":"Comment","nb":"Kommentar"},"localizedDescriptions":{"en":"Comment on blood pressure measurement.","nb":"Kommentar til blodtrykksmålingen."},"rmType":"DV_TEXT","nodeId":"at0033","min":0,"max":1,"aqlPath":"/content[openEHR-EHR-OBSERVATION.blood_pressure.v1]/data[at0001]/events[at0006]/data[at0003]/items[at0033]/value","inputs":[{"type":"TEXT","list":[],"listOpen":false}],"formId":"encounter/blood_pressure/any_event/comment","viewConfig":{"multiplicity":{"min":0,"max":1},"advanced":{"hidden":false,"readonly":false,"hideFrame":false,"render":false},"label":{"custom":false,"useLocalizations":false},"size":{"field":"inherit","label":"inherit"},"layout":{"label":{"valign":"inherit","align":"inherit"},"field":{"valign":"inherit","align":"inherit"}},"datasource":{"loadRemote":false,"parameters":{}},"annotations":{},"field":{"lines":null,"input":{}}}},{"name":"Time","localizedName":"Time","localizedNames":{"en":"Time","nb":"Time"},"localizedDescriptions":{"en":"Default event.","nb":"Standard, uspesifisert tidspunkt eller tidsintervall som kan defineres mer eksplisitt i en template eller i en applikasjon."},"rmType":"DV_DATE_TIME","min":0,"max":1,"aqlPath":"/content[openEHR-EHR-OBSERVATION.blood_pressure.v1]/data[at0001]/events[at0006]/time","inputs":[{"type":"DATETIME","listOpen":false}],"formId":"encounter/blood_pressure/any_event/time","viewConfig":{"multiplicity":{"min":0,"max":1},"advanced":{"hidden":false,"readonly":false,"hideFrame":false,"render":false},"label":{"custom":false,"useLocalizations":false},"size":{"field":"inherit","label":"inherit"},"layout":{"label":{"valign":"inherit","align":"inherit"},"field":{"valign":"inherit","align":"inherit"}},"annotations":{},"field":{"input":{"hideTime":false,"dateFormat":"","hideDate":false}}}}]},{"name":"Cuff size","localizedName":"Cuff size","localizedNames":{"en":"Cuff size","nb":"Mansjettstørrelse"},"localizedDescriptions":{"en":"The size of the cuff used for blood pressure measurement.","nb":"Størrelse på blodtrykkmansjetten som anvendes til måling av blodtrykket. (Cuffstørrelse)"},"rmType":"DV_CODED_TEXT","nodeId":"at0013","min":0,"max":1,"aqlPath":"/content[openEHR-EHR-OBSERVATION.blood_pressure.v1]/protocol[at0011]/items[at0013]/value","inputs":[{"suffix":"code","type":"CODED_TEXT","list":[{"value":"at0016","label":"Large Adult","ordinal":0,"localizedLabels":{"en":"Large Adult","nb":"Store voksne"},"localizedDescriptions":{"en":"A cuff for adults with larger arms.","nb":"En blodtrykksmansjett for voksne med store armer."}},{"value":"at0017","label":"Adult","ordinal":0,"localizedLabels":{"en":"Adult","nb":"Voksne"},"localizedDescriptions":{"en":"A cuff that is standard for an adult.","nb":"En standard blodtrykksmansjett til voksne."}},{"value":"at1008","label":"Small Adult","ordinal":0,"localizedLabels":{"en":"Small Adult","nb":"Små voksne"},"localizedDescriptions":{"en":"A cuff used for a small adult.","nb":"En blodtrykksmansjett for små voksne."}}],"defaultValue":"at0017","listOpen":false}],"formId":"encounter/blood_pressure/cuff_size","viewConfig":{"multiplicity":{"min":0,"max":1},"advanced":{"hidden":false,"readonly":false,"hideFrame":false,"render":false},"label":{"custom":false,"useLocalizations":false},"size":{"field":"inherit","label":"inherit"},"layout":{"label":{"valign":"inherit","align":"inherit"},"field":{"valign":"inherit","align":"inherit"}},"annotations":{},"field":{"code":{"presentation":"radios","columns":"3"}}}},{"name":"Location of measurement","localizedName":"Location of measurement","localizedNames":{"en":"Location of measurement","nb":"Målested"},"localizedDescriptions":{"en":"Common body sites where blood pressure is recorded.","nb":"Anatomisk sted hvor blodtrykket måles. Bruk listen over interne koder for valg av vanlige målesteder. Bruk fri eller kodet tekst for registrering av mer spesifikke detaljer eller et målested som ikke inngår i listen over vanlige steder. Henvis eventuelt til ekstern terminologi."},"rmType":"DV_CODED_TEXT","nodeId":"at0014","min":0,"max":1,"aqlPath":"/content[openEHR-EHR-OBSERVATION.blood_pressure.v1]/protocol[at0011]/items[at0014]/value","inputs":[{"suffix":"code","type":"CODED_TEXT","list":[{"value":"at0025","label":"Right arm","ordinal":0,"localizedLabels":{"en":"Right arm","nb":"Overarm, høyre"},"localizedDescriptions":{"en":"The right arm of the person.","nb":"Individets høyre overarm."}},{"value":"at0026","label":"Left arm","ordinal":0,"localizedLabels":{"en":"Left arm","nb":"Overarm, venstre"},"localizedDescriptions":{"en":"The left arm of the person.","nb":"Individets venstre overarm."}}],"defaultValue":"at0025","listOpen":false}],"formId":"encounter/blood_pressure/location_of_measurement","viewConfig":{"multiplicity":{"min":0,"max":1},"advanced":{"hidden":false,"readonly":false,"hideFrame":false,"render":false},"label":{"custom":false,"useLocalizations":false},"size":{"field":"inherit","label":"inherit"},"layout":{"label":{"valign":"inherit","align":"inherit"},"field":{"valign":"inherit","align":"inherit"}},"annotations":{},"field":{"code":{"presentation":"radios","columns":"2"}}}}]}]}