[{"col":1,"row":1,"width":12,"height":29,"children":[{"id":"generic-field-07804","rows":[{"cols":[{"width":"50%","children":[{"id":"encounter/body_weight","rows":[{"cols":[{"width":"100%","children":[{"id":"encounter/body_weight/any_event/time","rows":[]},{"id":"encounter/body_weight/any_event/weight","rows":[]},{"id":"encounter/body_weight/any_event/state_of_dress","rows":[]},{"id":"encounter/body_weight/any_event/comment","rows":[]}]}]}]}]},{"width":"50%","children":[{"id":"encounter/height_length","rows":[{"cols":[{"width":"100%","children":[{"id":"encounter/height_length/any_event/time","rows":[]},{"id":"encounter/height_length/any_event/height_length","rows":[]},{"id":"encounter/height_length/any_event/position","rows":[]},{"id":"encounter/height_length/any_event/comment","rows":[]}]}]}]}]}]},{"cols":[{"width":"100%","children":[{"id":"encounter/body_mass_index","rows":[{"cols":[{"width":"100%","children":[{"id":"encounter/body_mass_index/any_event/time","rows":[]},{"id":"encounter/body_mass_index/any_event/body_mass_index","rows":[]},{"id":"encounter/body_mass_index/method","rows":[]},{"id":"encounter/body_mass_index/comment","rows":[]}]}]}]}]}]}]}]},{"col":1,"row":30,"width":12,"height":75,"children":[{"id":"encounter/blood_pressure","rows":[{"cols":[{"width":"100%","children":[{"id":"encounter/blood_pressure/history/origin","rows":[]},{"id":"encounter/blood_pressure/any_event","rows":[{"cols":[{"width":"50%","children":[{"id":"encounter/blood_pressure/any_event/systolic","rows":[]},{"id":"encounter/blood_pressure/any_event/diastolic","rows":[]}]},{"width":"50%","children":[{"id":"encounter/blood_pressure/any_event/position","rows":[]},{"id":"encounter/blood_pressure/any_event/sleep_status","rows":[]},{"id":"encounter/blood_pressure/any_event/mean_arterial_pressure","rows":[]}]}]},{"cols":[{"width":"100%","children":[{"id":"encounter/blood_pressure/any_event/time","rows":[]},{"id":"encounter/blood_pressure/any_event/comment","rows":[]}]}]}]},{"id":"encounter/blood_pressure/cuff_size","rows":[]},{"id":"encounter/blood_pressure/location_of_measurement","rows":[]}]}]}]}]}]