{"name":"Form root","localizedNames":{},"localizedDescriptions":{},"rmType":"FORM_DEFINITION","min":0,"max":0,"formId":"form_root","viewConfig":{"label":{"custom":false,"useLocalizations":false},"size":{"field":"inherit","label":"inherit"},"layout":{"label":{"valign":"inherit","align":"inherit"},"field":{"valign":"inherit","align":"inherit"}},"annotations":{}},"children":[{"name":"Indirect Oximetry","localizedName":"Indirect Oximetry","localizedNames":{"en":"Indirect Oximetry","nb":"Indirect Oximetry"},"localizedDescriptions":{"nb":"Method of monitoring blood gas measurements such as Spo2 and pTCO2 by indirect, currently non-invasive, means.","en":"Method of monitoring blood gas measurements such as Spo2 and pTCO2 by indirect, currently non-invasive, means."},"rmType":"OBSERVATION","nodeId":"openEHR-EHR-OBSERVATION.indirect_oximetry.v1","min":0,"max":-1,"aqlPath":"/content[openEHR-EHR-OBSERVATION.indirect_oximetry.v1]","inputs":[],"formId":"indirect_oximetry/indirect_oximetry","viewConfig":{"multiplicity":{"min":0,"max":-1},"advanced":{"hidden":false,"readonly":false,"hideFrame":false,"render":false},"label":{"custom":false,"useLocalizations":false},"size":{"field":"inherit","label":"inherit"},"layout":{"label":{"valign":"inherit","align":"inherit"},"field":{"valign":"inherit","align":"inherit"}},"annotations":{},"field":{}},"children":[{"name":"Origin","localizedName":"Origin","localizedNames":{"en":"*Origin (en)","nb":"Origin"},"localizedDescriptions":{"nb":"@ internal @","en":"@ internal @"},"rmType":"DV_DATE_TIME","min":0,"max":1,"aqlPath":"/content[openEHR-EHR-OBSERVATION.indirect_oximetry.v1]/data[at0001]/origin","inputs":[{"type":"DATETIME","listOpen":false}],"formId":"indirect_oximetry/indirect_oximetry/event_series/origin","viewConfig":{"multiplicity":{"min":0,"max":1},"advanced":{"hidden":false,"readonly":false,"hideFrame":false,"render":false},"label":{"custom":false,"useLocalizations":false},"size":{"field":"inherit","label":"inherit"},"layout":{"label":{"valign":"inherit","align":"inherit"},"field":{"valign":"inherit","align":"inherit"}},"annotations":{},"field":{"input":{"hideTime":false,"dateFormat":"","hideDate":false}}}},{"name":"Any event","localizedName":"Any event","localizedNames":{"en":"Any event","nb":"Any event"},"localizedDescriptions":{"nb":"Default, unspecified point in time or interval event which may be explicitly defined in a template or at run-time.","en":"Default, unspecified point in time or interval event which may be explicitly defined in a template or at run-time."},"rmType":"EVENT","nodeId":"at0002","min":0,"max":1,"aqlPath":"/content[openEHR-EHR-OBSERVATION.indirect_oximetry.v1]/data[at0001]/events[at0002]","inputs":[],"formId":"indirect_oximetry/indirect_oximetry/any_event","viewConfig":{"multiplicity":{"min":0,"max":1},"advanced":{"hidden":false,"readonly":false,"hideFrame":false,"render":false},"label":{"custom":false,"useLocalizations":false},"size":{"field":"inherit","label":"inherit"},"layout":{"label":{"valign":"inherit","align":"inherit"},"field":{"valign":"inherit","align":"inherit"}},"annotations":{}},"children":[{"name":"spO2","localizedName":"spO2","localizedNames":{"en":"spO2","nb":"spO2"},"localizedDescriptions":{"nb":"Measured via pulse oximetry, the saturation of oxygen in the peripheral blood.","en":"Measured via pulse oximetry, the saturation of oxygen in the peripheral blood."},"rmType":"DV_PROPORTION","nodeId":"at0006","min":0,"max":1,"aqlPath":"/content[openEHR-EHR-OBSERVATION.indirect_oximetry.v1]/data[at0001]/events[at0002]/data[at0003]/items[at0006]/value","inputs":[{"suffix":"numerator","type":"DECIMAL","validation":{"range":{"minOp":">=","min":0.0,"maxOp":"<=","max":100.0}},"listOpen":false},{"suffix":"denominator","type":"DECIMAL","validation":{"range":{"minOp":">=","min":100.0,"maxOp":"<=","max":100.0}},"defaultValue":"100","listOpen":false}],"formId":"indirect_oximetry/indirect_oximetry/any_event/spo2","viewConfig":{"multiplicity":{"min":0,"max":1},"advanced":{"hidden":false,"readonly":false,"hideFrame":false,"render":false},"label":{"custom":false,"useLocalizations":false},"size":{"field":"inherit","label":"inherit"},"layout":{"label":{"valign":"inherit","align":"inherit"},"field":{"valign":"inherit","align":"inherit"}},"annotations":{}}},{"name":"Comment","localizedName":"Comment","localizedNames":{"en":"Comment","nb":"Comment"},"localizedDescriptions":{"nb":"A text comment about the indirect oximetry result.","en":"A text comment about the indirect oximetry result."},"rmType":"DV_TEXT","nodeId":"at0036","min":0,"max":1,"aqlPath":"/content[openEHR-EHR-OBSERVATION.indirect_oximetry.v1]/data[at0001]/events[at0002]/data[at0003]/items[at0036]/value","inputs":[{"type":"TEXT","list":[],"listOpen":false}],"formId":"indirect_oximetry/indirect_oximetry/any_event/comment","viewConfig":{"multiplicity":{"min":0,"max":1},"advanced":{"hidden":false,"readonly":false,"hideFrame":false,"render":false},"label":{"custom":false,"useLocalizations":false},"size":{"field":"inherit","label":"inherit"},"layout":{"label":{"valign":"inherit","align":"inherit"},"field":{"valign":"inherit","align":"inherit"}},"datasource":{"loadRemote":false,"parameters":{}},"annotations":{},"field":{"lines":null,"input":{}}}},{"name":"Time","localizedName":"Time","localizedNames":{"en":"*Time (en)","nb":"Time"},"localizedDescriptions":{"nb":"Default, unspecified point in time or interval event which may be explicitly defined in a template or at run-time.","en":"Default, unspecified point in time or interval event which may be explicitly defined in a template or at run-time."},"rmType":"DV_DATE_TIME","min":0,"max":1,"aqlPath":"/content[openEHR-EHR-OBSERVATION.indirect_oximetry.v1]/data[at0001]/events[at0002]/time","inputs":[{"type":"DATETIME","listOpen":false}],"formId":"indirect_oximetry/indirect_oximetry/any_event/time","viewConfig":{"multiplicity":{"min":0,"max":1},"advanced":{"hidden":false,"readonly":false,"hideFrame":false,"render":false},"label":{"custom":false,"useLocalizations":false},"size":{"field":"inherit","label":"inherit"},"layout":{"label":{"valign":"inherit","align":"inherit"},"field":{"valign":"inherit","align":"inherit"}},"annotations":{},"field":{"input":{"hideTime":false,"dateFormat":"","hideDate":false}}}}]}]}]}