[{"col":1,"row":1,"width":12,"height":19,"children":[{"id":"indirect_oximetry/indirect_oximetry","rows":[{"cols":[{"width":"100%","children":[{"id":"indirect_oximetry/indirect_oximetry/event_series/origin","rows":[]},{"id":"indirect_oximetry/indirect_oximetry/any_event","rows":[{"cols":[{"width":"100%","children":[{"id":"indirect_oximetry/indirect_oximetry/any_event/spo2","rows":[]},{"id":"indirect_oximetry/indirect_oximetry/any_event/comment","rows":[]},{"id":"indirect_oximetry/indirect_oximetry/any_event/time","rows":[]}]}]}]}]}]}]}]}]