{"name":"Form root","localizedNames":{},"localizedDescriptions":{},"rmType":"FORM_DEFINITION","min":0,"max":0,"formId":"form_root","viewConfig":{"label":{"custom":false,"useLocalizations":false},"size":{"field":"inherit","label":"inherit"},"layout":{"label":{"valign":"inherit","align":"top"},"field":{"valign":"inherit","align":"inherit"}},"annotations":{}},"children":[{"name":"HCM Risk-SCD Kalkulator","localizedName":"HCM Risk-SCD Kalkulator","localizedNames":{"en":"*HCM Risk-SCD Kalkulator (nb)","nb":"HCM Risk-SCD Kalkulator"},"localizedDescriptions":{"nb":"unknown","en":"*unknown (nb)"},"rmType":"OBSERVATION","nodeId":"openEHR-EHR-OBSERVATION.hcm_risk_scd_calculator.v0","min":0,"max":1,"aqlPath":"/content[openEHR-EHR-OBSERVATION.hcm_risk_scd_calculator.v0]","inputs":[],"formId":"hcm_risk-scd_calculator/hcm_risk-scd_kalkulator","viewConfig":{"multiplicity":{"min":0,"max":1},"advanced":{"hidden":false,"readonly":false,"hideFrame":false,"render":false},"label":{"custom":false,"useLocalizations":false},"size":{"field":"inherit","label":"inherit"},"layout":{"label":{"valign":"inherit","align":"inherit"},"field":{"valign":"inherit","align":"inherit"}},"annotations":{},"field":{}},"children":[{"name":"Fieldset","localizedName":"Risikovurderin","localizedNames":{"en":"Risk assessment","nb":"Risikovurdering"},"localizedDescriptions":{},"rmType":"GENERIC_FIELDSET","min":0,"max":1,"inputs":[],"formId":"generic-field-14833","viewConfig":{"multiplicity":{"min":0,"max":1},"advanced":{"hidden":false,"readonly":false,"hideFrame":false,"render":false},"label":{"custom":false,"useLocalizations":false},"size":{"field":"inherit","label":"-1"},"layout":{"label":{"valign":"inherit","align":"inherit"},"field":{"valign":"inherit","align":"inherit"}},"annotations":{"alertType":"INFO"},"field":{"formId":null,"name":null},"tags":["HideLabel"]},"children":[{"name":"Risk of SCD at 5 years (%)","localizedName":"Risk of SCD at 5 years (%)","localizedNames":{"en":"*Risk of SCD at 5 years (%) (nb)","nb":"Risk of SCD at 5 years (%)"},"localizedDescriptions":{"nb":"*","en":"** (nb)"},"rmType":"DV_PROPORTION","nodeId":"at0013","min":0,"max":1,"aqlPath":"/content[openEHR-EHR-OBSERVATION.hcm_risk_scd_calculator.v0]/data[at0001]/events[at0002]/data[at0003]/items[at0013]/value","inputs":[{"suffix":"numerator","type":"DECIMAL","listOpen":false},{"suffix":"denominator","type":"DECIMAL","validation":{"range":{"minOp":">=","min":100.0,"maxOp":"<=","max":100.0}},"listOpen":false}],"formId":"hcm_risk-scd_calculator/hcm_risk-scd_kalkulator/any_event/risk_of_scd_at_5_years_(%)","viewConfig":{"multiplicity":{"min":0,"max":1},"advanced":{"hidden":false,"readonly":false,"hideFrame":false,"render":false},"label":{"custom":false,"useLocalizations":false},"size":{"field":"large","label":"inherit"},"layout":{"label":{"valign":"inherit","align":"inherit"},"field":{"valign":"inherit","align":"inherit"}},"annotations":{"headerSize":"H1"},"tags":[]}},{"name":"ESC Recommendation","localizedName":"ESC Recommendation","localizedNames":{"en":"*ESC Recommendation (nb)","nb":"ESC Recommendation"},"localizedDescriptions":{"nb":"*","en":"** (nb)"},"rmType":"DV_TEXT","nodeId":"at0014","min":0,"max":1,"aqlPath":"/content[openEHR-EHR-OBSERVATION.hcm_risk_scd_calculator.v0]/data[at0001]/events[at0002]/data[at0003]/items[at0014]/value","inputs":[{"type":"TEXT","list":[],"listOpen":false}],"formId":"hcm_risk-scd_calculator/hcm_risk-scd_kalkulator/any_event/esc_recommendation","viewConfig":{"multiplicity":{"min":0,"max":1},"advanced":{"hidden":false,"readonly":false,"hideFrame":false,"render":false},"label":{"custom":false,"useLocalizations":false},"size":{"field":"inherit","label":"inherit"},"layout":{"label":{"valign":"inherit","align":"top"},"field":{"valign":"inherit","align":"inherit"}},"datasource":{"loadRemote":false,"parameters":{}},"annotations":{},"field":{"lines":null,"input":{}}}}]},{"name":"Any event","localizedName":"Any event","localizedNames":{"en":"*Any event (nb)","nb":"Any event"},"localizedDescriptions":{"nb":"*","en":"** (nb)"},"rmType":"EVENT","nodeId":"at0002","min":1,"max":1,"aqlPath":"/content[openEHR-EHR-OBSERVATION.hcm_risk_scd_calculator.v0]/data[at0001]/events[at0002]","inputs":[],"formId":"hcm_risk-scd_calculator/hcm_risk-scd_kalkulator/any_event","viewConfig":{"multiplicity":{"min":1,"max":1},"advanced":{"hidden":false,"readonly":false,"hideFrame":false,"render":false},"label":{"custom":false,"useLocalizations":false},"size":{"field":"inherit","label":"-1"},"layout":{"label":{"valign":"inherit","align":"inherit"},"field":{"valign":"inherit","align":"inherit"}},"annotations":{},"tags":["HideLabel"]},"children":[{"name":"Alder","localizedName":"Alder","localizedNames":{"en":"*Alder (nb)","nb":"Alder"},"localizedDescriptions":{"nb":"Alder ved vurdering.","en":"*Alder ved vurdering. (nb)"},"rmType":"DV_COUNT","nodeId":"at0004","min":0,"max":1,"aqlPath":"/content[openEHR-EHR-OBSERVATION.hcm_risk_scd_calculator.v0]/data[at0001]/events[at0002]/data[at0003]/items[at0004]/value","inputs":[{"type":"INTEGER","validation":{"range":{"minOp":">=","min":1.0,"maxOp":"<=","max":154.0}},"defaultValue":"","listOpen":false}],"formId":"hcm_risk-scd_calculator/hcm_risk-scd_kalkulator/any_event/alder","viewConfig":{"multiplicity":{"min":0,"max":1},"advanced":{"hidden":false,"readonly":false,"hideFrame":false,"render":false},"label":{"custom":false,"useLocalizations":false},"size":{"field":"medium","label":"inherit"},"layout":{"label":{"valign":"inherit","align":"inherit"},"field":{"valign":"inherit","align":"inherit"}},"annotations":{"calcId":"age","templateVariable":"[Pas.Alder]"},"field":{},"tags":[]}},{"name":"Maksimum LV veggtykkelse","localizedName":"Maksimum LV veggtykkelse","localizedNames":{"en":"*Maksimum LV veggtykkelse (nb)","nb":"Maksimum LV veggtykkelse"},"localizedDescriptions":{"nb":"*","en":"** (nb)"},"rmType":"DV_QUANTITY","nodeId":"at0005","min":0,"max":1,"aqlPath":"/content[openEHR-EHR-OBSERVATION.hcm_risk_scd_calculator.v0]/data[at0001]/events[at0002]/data[at0003]/items[at0005]/value","inputs":[{"suffix":"magnitude","type":"DECIMAL","defaultValue":"","listOpen":false},{"suffix":"unit","type":"CODED_TEXT","list":[{"value":"mm","label":"mm","validation":{"range":{"minOp":">=","min":3.0,"maxOp":"<=","max":35.0},"precision":{"minOp":">=","min":0.0,"maxOp":"<=","max":0.0}},"ordinal":0,"localizedLabels":{},"localizedDescriptions":{}}],"listOpen":false}],"formId":"hcm_risk-scd_calculator/hcm_risk-scd_kalkulator/any_event/maksimum_lv_veggtykkelse","viewConfig":{"multiplicity":{"min":0,"max":1},"advanced":{"hidden":false,"readonly":false,"hideFrame":false,"render":false},"label":{"custom":false,"useLocalizations":false},"size":{"field":"medium","label":"inherit"},"layout":{"label":{"valign":"inherit","align":"inherit"},"field":{"valign":"inherit","align":"inherit"}},"annotations":{"calcId":"maxWallThikness"},"field":{},"tags":[]}},{"name":"Venstre atriell størrelse","localizedName":"Venstre atriell størrelse","localizedNames":{"en":"*Venstre atriell størrelse (nb)","nb":"Venstre atriell størrelse"},"localizedDescriptions":{"nb":"*","en":"** (nb)"},"rmType":"DV_QUANTITY","nodeId":"at0006","min":0,"max":1,"aqlPath":"/content[openEHR-EHR-OBSERVATION.hcm_risk_scd_calculator.v0]/data[at0001]/events[at0002]/data[at0003]/items[at0006]/value","inputs":[{"suffix":"magnitude","type":"DECIMAL","defaultValue":"","listOpen":false},{"suffix":"unit","type":"CODED_TEXT","list":[{"value":"mm","label":"mm","validation":{"range":{"minOp":">=","min":28.0,"maxOp":"<=","max":67.0},"precision":{"minOp":">=","min":0.0,"maxOp":"<=","max":0.0}},"ordinal":0,"localizedLabels":{},"localizedDescriptions":{}}],"listOpen":false}],"formId":"hcm_risk-scd_calculator/hcm_risk-scd_kalkulator/any_event/venstre_atriell_størrelse","viewConfig":{"multiplicity":{"min":0,"max":1},"advanced":{"hidden":false,"readonly":false,"hideFrame":false,"render":false},"label":{"custom":false,"useLocalizations":false},"size":{"field":"medium","label":"inherit"},"layout":{"label":{"valign":"inherit","align":"inherit"},"field":{"valign":"inherit","align":"inherit"}},"annotations":{"calcId":"leftAtrialDiameter"},"field":{},"tags":[]}},{"name":"Maks LVOT gradient","localizedName":"Maks LVOT gradient","localizedNames":{"en":"*Maks LVOT gradient (nb)","nb":"Maks LVOT gradient"},"localizedDescriptions":{"nb":"*","en":"** (nb)"},"rmType":"DV_QUANTITY","nodeId":"at0007","min":0,"max":1,"aqlPath":"/content[openEHR-EHR-OBSERVATION.hcm_risk_scd_calculator.v0]/data[at0001]/events[at0002]/data[at0003]/items[at0007]/value","inputs":[{"suffix":"magnitude","type":"DECIMAL","defaultValue":"","listOpen":false},{"suffix":"unit","type":"CODED_TEXT","list":[{"value":"mm","label":"mm","validation":{"range":{"minOp":">=","min":2.0,"maxOp":"<=","max":154.0},"precision":{"minOp":">=","min":0.0,"maxOp":"<=","max":0.0}},"ordinal":0,"localizedLabels":{},"localizedDescriptions":{}}],"listOpen":false}],"formId":"hcm_risk-scd_calculator/hcm_risk-scd_kalkulator/any_event/maks_lvot_gradient","viewConfig":{"multiplicity":{"min":0,"max":1},"advanced":{"hidden":false,"readonly":false,"hideFrame":false,"render":false},"label":{"custom":false,"useLocalizations":false},"size":{"field":"medium","label":"inherit"},"layout":{"label":{"valign":"inherit","align":"inherit"},"field":{"valign":"inherit","align":"inherit"}},"annotations":{"calcId":"maxLvotGradient"},"field":{},"tags":[]}},{"name":"SCD i familien","localizedName":"SCD i familien","localizedNames":{"en":"*SCD i familien (nb)","nb":"SCD i familien"},"localizedDescriptions":{"nb":"*","en":"** (nb)"},"rmType":"DV_ORDINAL","nodeId":"at0008","min":0,"max":1,"aqlPath":"/content[openEHR-EHR-OBSERVATION.hcm_risk_scd_calculator.v0]/data[at0001]/events[at0002]/data[at0003]/items[at0008]/value","inputs":[{"type":"CODED_TEXT","list":[{"value":"at0009","label":"Nei","ordinal":0,"localizedLabels":{"nb":"Nei","en":"*Nei (nb)"},"localizedDescriptions":{"nb":"Ingen kjent SCD i familie","en":"*Ingen kjent SCD i familie (nb)"}},{"value":"at0010","label":"Ja","ordinal":1,"localizedLabels":{"nb":"Ja","en":"*Ja (nb)"},"localizedDescriptions":{"nb":"Det er kjent familiær SCD","en":"*Det er kjent familiær SCD (nb)"}}],"listOpen":false}],"formId":"hcm_risk-scd_calculator/hcm_risk-scd_kalkulator/any_event/scd_i_familien","viewConfig":{"multiplicity":{"min":0,"max":1},"advanced":{"hidden":false,"readonly":false,"hideFrame":false,"render":false},"label":{"custom":false,"useLocalizations":false},"size":{"field":"inherit","label":"inherit"},"layout":{"label":{"valign":"inherit","align":"inherit"},"field":{"valign":"inherit","align":"inherit"}},"annotations":{"calcId":"familyHistorySCD"},"field":{"presentation":"radios","columns":"2","input":{"presentation":"radios","columns":"2"}}}},{"name":"Non-sustained VT","localizedName":"Non-sustained VT","localizedNames":{"en":"*Non-sustained VT (nb)","nb":"Non-sustained VT"},"localizedDescriptions":{"nb":"*","en":"** (nb)"},"rmType":"DV_ORDINAL","nodeId":"at0011","min":0,"max":1,"aqlPath":"/content[openEHR-EHR-OBSERVATION.hcm_risk_scd_calculator.v0]/data[at0001]/events[at0002]/data[at0003]/items[at0011]/value","inputs":[{"type":"CODED_TEXT","list":[{"value":"at0015","label":"Nei","ordinal":0,"localizedLabels":{"nb":"Nei","en":"*Nei (nb)"},"localizedDescriptions":{"nb":"*","en":"** (nb)"}},{"value":"at0016","label":"Ja","ordinal":1,"localizedLabels":{"nb":"Ja","en":"*Ja (nb)"},"localizedDescriptions":{"nb":"*","en":"** (nb)"}}],"listOpen":false}],"formId":"hcm_risk-scd_calculator/hcm_risk-scd_kalkulator/any_event/non-sustained_vt","viewConfig":{"multiplicity":{"min":0,"max":1},"advanced":{"hidden":false,"readonly":false,"hideFrame":false,"render":false},"label":{"custom":false,"useLocalizations":false},"size":{"field":"inherit","label":"inherit"},"layout":{"label":{"valign":"inherit","align":"inherit"},"field":{"valign":"inherit","align":"inherit"}},"annotations":{"calcId":"NSVT"},"field":{"presentation":"radios","columns":"2","input":{"presentation":"radios","columns":"2"}}}},{"name":"Unexplained syncope","localizedName":"Unexplained syncope","localizedNames":{"en":"*Unexplained syncope (nb)","nb":"Unexplained syncope"},"localizedDescriptions":{"nb":"*","en":"** (nb)"},"rmType":"DV_ORDINAL","nodeId":"at0012","min":0,"max":1,"aqlPath":"/content[openEHR-EHR-OBSERVATION.hcm_risk_scd_calculator.v0]/data[at0001]/events[at0002]/data[at0003]/items[at0012]/value","inputs":[{"type":"CODED_TEXT","list":[{"value":"at0017","label":"Nei","ordinal":0,"localizedLabels":{"nb":"Nei","en":"*Nei (nb)"},"localizedDescriptions":{"nb":"*","en":"** (nb)"}},{"value":"at0018","label":"Ja","ordinal":1,"localizedLabels":{"nb":"Ja","en":"*Ja (nb)"},"localizedDescriptions":{"nb":"*","en":"** (nb)"}}],"listOpen":false}],"formId":"hcm_risk-scd_calculator/hcm_risk-scd_kalkulator/any_event/unexplained_syncope","viewConfig":{"multiplicity":{"min":0,"max":1},"advanced":{"hidden":false,"readonly":false,"hideFrame":false,"render":false},"label":{"custom":false,"useLocalizations":false},"size":{"field":"inherit","label":"inherit"},"layout":{"label":{"valign":"inherit","align":"inherit"},"field":{"valign":"inherit","align":"inherit"}},"annotations":{"calcId":"syncope"},"field":{"presentation":"radios","columns":"2","input":{"presentation":"radios","columns":"2"}}}}]},{"name":"Time","localizedName":"Time","localizedNames":{"en":"*Time (en)","nb":"Time"},"localizedDescriptions":{"nb":"*","en":"** (nb)"},"rmType":"DV_DATE_TIME","min":0,"max":1,"aqlPath":"/content[openEHR-EHR-OBSERVATION.hcm_risk_scd_calculator.v0]/data[at0001]/events[at0002]/time","inputs":[{"type":"DATETIME","listOpen":false}],"formId":"hcm_risk-scd_calculator/hcm_risk-scd_kalkulator/any_event/time","viewConfig":{"multiplicity":{"min":0,"max":1},"advanced":{"hidden":false,"readonly":false,"hideFrame":false,"render":false},"label":{"custom":false,"useLocalizations":false},"size":{"field":"inherit","label":"inherit"},"layout":{"label":{"valign":"inherit","align":"inherit"},"field":{"valign":"inherit","align":"inherit"}},"annotations":{"templateVariable":"[Sys.Now]"},"field":{"input":{"hideTime":false,"dateFormat":"","hideDate":false}}}}]},{"name":"Input","localizedName":"Input","localizedNames":{"en":"*Input (en)","nb":"Input"},"localizedDescriptions":{},"rmType":"GENERIC_FIELD","min":0,"max":-1,"inputs":[{"type":"TEXT","list":[],"listOpen":false}],"formId":"generic-field-39310","viewConfig":{"multiplicity":{"min":0,"max":-1},"advanced":{"hidden":false,"readonly":true,"hideFrame":false,"render":false},"label":{"custom":false,"useLocalizations":false},"size":{"field":"inherit","label":"-1"},"layout":{"label":{"valign":"inherit","align":"top"},"field":{"valign":"inherit","align":"inherit"}},"annotations":{},"field":{"lines":null,"input":{},"type":"DV_TEXT"},"tags":["HideLabel"]}}]}