[{"col":1,"row":1,"width":12,"height":34,"children":[{"id":"hcm_risk-scd_calculator/hcm_risk-scd_kalkulator","rows":[{"cols":[{"width":"100%","children":[{"id":"generic-field-14833","rows":[{"cols":[{"width":"100%","children":[{"id":"hcm_risk-scd_calculator/hcm_risk-scd_kalkulator/any_event/risk_of_scd_at_5_years_(%)","rows":[]},{"id":"hcm_risk-scd_calculator/hcm_risk-scd_kalkulator/any_event/esc_recommendation","rows":[]}]}]}]},{"id":"hcm_risk-scd_calculator/hcm_risk-scd_kalkulator/any_event","rows":[{"cols":[{"width":"50%","children":[{"id":"hcm_risk-scd_calculator/hcm_risk-scd_kalkulator/any_event/alder","rows":[]},{"id":"hcm_risk-scd_calculator/hcm_risk-scd_kalkulator/any_event/maksimum_lv_veggtykkelse","rows":[]},{"id":"hcm_risk-scd_calculator/hcm_risk-scd_kalkulator/any_event/venstre_atriell_størrelse","rows":[]},{"id":"hcm_risk-scd_calculator/hcm_risk-scd_kalkulator/any_event/maks_lvot_gradient","rows":[]}]},{"width":"50%","children":[{"id":"hcm_risk-scd_calculator/hcm_risk-scd_kalkulator/any_event/scd_i_familien","rows":[]},{"id":"hcm_risk-scd_calculator/hcm_risk-scd_kalkulator/any_event/non-sustained_vt","rows":[]},{"id":"hcm_risk-scd_calculator/hcm_risk-scd_kalkulator/any_event/unexplained_syncope","rows":[]}]}]}]}]}]},{"cols":[{"width":"100%","children":[{"id":"hcm_risk-scd_calculator/hcm_risk-scd_kalkulator/any_event/time","rows":[]}]}]}]},{"id":"generic-field-39310","rows":[]}]}]